"","id","kalimat","label"
"1",1,"c judul ini adalah potongan dari lagu let there be peace on earth lagu yang cocok untuk refleksi di akhir minggu yang penuh kegaduhan di indonesia","CEO"
"2",2,"potongan ini juga yang langsung terbersit di pikiran saya setelah mulai membaca bab bab awal dari ensikilik fratelli tutti yang baru saja diluncurkan paus fransiskus tanggal 4 oktober yang lalu","CEO"
"3",3,"fratelli tutti yang berasal dari bahasa italia ungkapan yang dipakai st fransiskus asisi dari abad ke 13 dalam sapaan pembukaan all brothers and sisters","CEO"
"4",4,"ensiklik ini dijiwai spiritualitas st","CEO"
"5",5,"fransiskus asisi seorang rahib dari abad ke 13 yang mengabdi tuhan dengan mencintai orang miskin dan semua makhluk","CEO"
"6",6,"dia menjadi sumber inspirasi bagi banyak orang untuk memperjuangkan keadilan sosial bagi orang miskin sumber inspirasi untuk menjaga kelestarian lingkungan dan tidak ketinggalan sumber inspirasi untuk perdamaian dan persahabatan antar anak manusia dari berbagai golongan yang berbeda","CEO"
"7",7,"tahun 2019 paus fransiskus yang namanya diambil dari nama st fransiskus assisi merayakan 800 tahun pertemuan st","CEO"
"8",8,"fransis assisi dengan sultan al malik al kamil sultan dari mesir di tahun 1219 dengan mengunjungi uni emirates arab dan berdialog dengan ahmad al tayyeb imam besar al azhar saat ini","CEO"
"9",9,"mereka mendeklarasikan god has created all human beings equal in rights duties and dignity and has called them to live together as brothers and sisters","CEO"
"10",10,"kegaduhan yang terjadi di minggu yang baru saja berlalu menyulut kemarahan dan kekecewaan berbagai pihak dengan alasannya masing masing","CEO"
"11",11,"ketidaksetujuan yang berlanjut menjadi kekerasan dan perusakan di ruang publik dan bahkan berlanjut menjadi perang kata di media sosial","CEO"
"12",12,"ada yang membandingkan perusakan fasilitas publik dengan perusakan hutan oleh pihak lainnya seolah ingin menjustifikasi bahwa yang kesalahan perusakan yang dilakukan oleh pihak lain menjustifikasi kesalahan perusakan lainnya","CEO"
"13",13,"kita akan masuk ke dalam lingkaran setan perusakan kalau cara berpikir ini berlanjut","CEO"
"14",14,"memperjuangkan sesuatu yang baik akan rusak dengan cara yang tidak baik","CEO"
"15",15,"sama halnya dengan pembuat peraturan atau perundangan","CEO"
"16",16,"niat yang baik untuk memperjuangkan kebaikan untuk masyarakat banyak perlu dilakukan dengan cara yang baik juga","CEO"
"17",17,"ada yang membandingkan dengan protes kamis an yang sudah berjalan bertahun tahun dan frustasi dengan hasil yang belum kelihatan lalu menjustifikasi kekerasan sebagai cara yang lebih cepat dan efektif untuk mencapai tujuan","CEO"
"18",18,"kisah st fransiskus assisi dari abad ke 13 bisa menjadi inspirasi bahwa perjuangan keadilan sosial adalah perjuangan sangat panjang dan bukan tidak akan berbuah","CEO"
"19",19,"seberapa banyak orang yang telah terinspirasi untuk berbuat dan melakukan kebaikan untuk sesamanya yang terbuang terpinggirkan dan terlupakan","CEO"
"20",20,"st","CEO"
"21",21,"francis assisi telah menginspirasi perkerjaan mulia st","CEO"
"22",22,"mother teresa dari calcutta yang kini dilanjutkan oleh suster susternya menginspirasi ensiklik rerum novarum rights and duties of capital and labor yang dikeluarkan paus leo xiii dan sekerang menginspirasi fratelli tutti","CEO"
"23",23,"memperjuangkan keadilan sosial tanpa bersandar sepenuhnya dalam doa kepada yang maha kuasa akan melahirkan kesombongan diri dengan mengangkat diri menjadi pahlawan mengejar pujian sebagai social justice warrior","CEO"
"24",24,"kalau kita percaya tuhan maha kuasa maka kita cuma perlu berusaha sebaik mungkin dan menyerahkan sepenuhnya hasilnya kepada nya","CEO"
"25",25,"memilih jalan kekerasan sebagai jalan pintas akan mencederai perjuangan itu sendiri mengkhianati perjuangan untuk mewujudkan dunia yang penuh cinta","CEO"
"26",26,"bukankah akar dari perjuangan keadilan sosial adalah mewujudkan dunia menjadi rumah yang penuh kasih buat semua orang di mana semua penghuninya adalah sesama saudara","CEO"
"27",27,"banyak jalan menuju roma","CEO"
"28",28,"berjuang mewujudkan dunia yang adil bisa melewati berbagai jalan","CEO"
"29",29,"masing masing dari kita bisa punya peran","CEO"
"30",30,"yang rajin membaca dan menulis bisa berjuang merubah cara pandang banyak orang","CEO"
"31",31,"yang punya talenta menggerakkan orang sudah banyak yang berjuang dengan berbagai gerakan untuk membantu mengangkat saudara saudara yang tertinggal","CEO"
"32",32,"yang hidup dari wirausaha atau memimpin perusahaan bisa belajar mewujudkan perusahaannya menjadi tempat bekerja yang lebih baik buat penghuninya","CEO"
"33",33,"berbuat baik tidak harus menunggu undang undang walaupun undang undang penting untuk menjaga ketertiban","CEO"
"34",34,"ada hal yang lebih penting untuk diantisipasi bukan cuma sekedar pembagian kue","CEO"
"35",35,"di era kecerdasan buatan maju dengan cepat dan mulai menggantikan berbagai pekerjaan mulai dari level pekerja fisik sampai dengan eksekutif semua pihak perlu duduk memikirkan pertanyaan yang dilontarkan yuval noah harari 2 tahun yang lalu dalam buku 21 lessons for the 21st century","CEO"
"36",36,"apa yang akan sebagian besar orang kerjakan pada saat kecerdasan buatan atau mesin pintar melampaui berbagai kemampuan manusia dalam bekerja dan mengambil ahli sebagian besar lapangan pekerjaan yang ada semua perlu duduk bersama mengantisipasi ini sebagai sesama saudara","CEO"
"37",37,"katong samua basudara kata orang ambon","CEO"
"38",38,"saya jadi teringat waktu kuliah dulu","CEO"
"39",39,"teman satu kamar saya orang yang sangat perhatian","CEO"
"40",40,"saat itu kita katering bersama sama teman kos lain dan biasanya katering datang dalam wadah tanpa nama","CEO"
"41",41,"satu siang sepulang kuliah dia sudah menyimpankan saya satu rantang yang katanya ayamnya paling besar","CEO"
"42",42,"saya senang karena perhatiannya dan berterimakasih untuk itu tapi saya tidak bisa menerima karena teman teman kos lain adalah teman teman yang saya sayangi juga dan saya ingin mereka dapat memilih duluan","CEO"
"43",43,"saya belajar dari kecil untuk prinsip prinsip seperti ini dari teman teman main kecil saya di bagan","CEO"
"44",44,"dari mereka saya belajar brothers all are we","CEO"
"45",45,"yang mau menikmati lagu karangan miller ini berikut sebagian liriknya","CEO"
"46",46,"let there be peace on earth and let it begin with me let there be peace on earth the peace that was meant to be with god as our father brothers all are we let me walk with my brother in perfect harmony","CEO"
"47",47,"let peace begin with me let this be the moment now","CEO"
"48",48,"x","CEO"
"49",49,"tag assisi fratelli tutti social justice isikan data di bawah atau klik salah satu ikon untuk log in you are commenting using your word press","CEO"
"50",50,"com account","CEO"
"51",51,"x logout ubah you are commenting using your google account","CEO"
"52",52,"logout ubah you are commenting using your twitter account","CEO"
"53",53,"logout ubah you are commenting using your facebook account","CEO"
"54",54,"logout ubah connecting to percent s beri tahu saya komentar baru melalui email","CEO"
"55",55,"beritahu saya pos pos baru lewat surat elektronik","CEO"
"56",56,"c musim penerimaan mahasiswa baru saja dimulai","CEO"
"57",57,"seperti tahun tahun sebelumnya isu tentang ospek mulai melintas di linimasa media sosial","CEO"
"58",58,"walaupun sudah menjadi kontroversi bertahun tahun tetap saja ada kampus yang melaksanakannya dengan kekerasan walaupun tahun ini hanya berupa kekerasan verbal karena aktivitas kampus masih dijalankan secara daring","CEO"
"59",59,"ospek dengan kekerasan adalah salah satu perwujudan tentang pengagungan terhadap senioritas","CEO"
"60",60,"senior dianggap lebih mampu lebih tahu sehingga bisa membimbing junior dengan berbagai cara termasuk dengan menggunakan kekerasan dan tekanan","CEO"
"61",61,"pengagungan terhadap senioritas bukan hanya terjadi di kampus tapi juga mudah ditemukan di berbagai organisasi termasuk di berbagai tempat kerja","CEO"
"62",62,"pengagungan berlebihan ini menjadi beracun menjadi toxic","CEO"
"63",63,"saya mencoba mencari di wikipedia definisi toxic seniority dan ternyata belum ada yang memulai mendeskripsikan isitilah ini","CEO"
"64",64,"kalau kita googling yang kita temui adalah toxic leadership dan toxic masculinity","CEO"
"65",65,"di wikipedia kita bisa temukan kutipan tentang toxic masculinity seperti berikut in the social sciences toxic masculinity refers to traditional cultural masculine norms that can be harmful to men women and society overall","CEO"
"66",66,"sama halnya dengan toxic masculinity norma tentang senioritas bisa menstigma pihak junior sebagai yang lebih tidak berekemampuan lebih tidak berdaya dan bahkan lebih tidak perlu dihargai","CEO"
"67",67,"sekilas kelihatan tidak ada yang salah karena yang junior mungkin identik dengan yang masih hijau tidak berpengalaman tidak punya banyak hal untuk dihargai dan tidak berhak mendapatkan privilege","CEO"
"68",68,"namun di dunia yang terus berubah dengan cepat pernyataan tersebut makin lemah kebenarannya","CEO"
"69",69,"di dunia yang bergerak makin cepat pengetahuan bisa berubah menjadi beban atau liabilities dan ketidaktahuan bisa menjadi berkah","CEO"
"70",70,"mengapa karena di era yang sangat dinamis ini beberapa pengetahuan cepat menjadi usang kebenaran yang diyakini sebelumnya bisa berubah seiring penemuan penemuan baru kebiasaan atau kompetensi lama yang menjadi keunggulan menjadi tidak relevan dan bahkan menjadi halangan untuk maju","CEO"
"71",71,"di dunia manajemen perubahan yang cepat menuntut level agility yang tinggi","CEO"
"72",72,"strategic planning yang diagungkan di era sebelumnya kini makin berkurang relevansinya dan digantikan dengan strategic agility","CEO"
"73",73,"mengelola organisasi dengan birokrasi yang teratur dan kaku makin terengah engah mengikuti era digital","CEO"
"74",74,"kontrol yang ketat makin kalah efektif dengan pemberdayaan","CEO"
"75",75,"struktur organisasi piramida tersaingi dengan struktur jaringan yang lebih cair","CEO"
"76",76,"di era seperti ini belajar melepaskan pengetahuan menjadi tidak kalah penting dengan belajar mendapatkan pengetahuan baru","CEO"
"77",77,"sebagai analoginya untuk membangun rumah baru mungkin akan lebih mudah membeli tanah kosong dibandingakn dengan membeli rumah tua yang harus dirobohkan terlebih dahulu","CEO"
"78",78,"delearning dari para senior menjadi beban tambahan bagi organisasi","CEO"
"79",79,"memang benar bahwa senioritas membawa kebijaksanaan","CEO"
"80",80,"tapi jangan lupa bahwa kebijaksanaan hanya akan hadir bila ada kerendahan hati","CEO"
"81",81,"senioritas akan berharga bila disertai hal tersebut","CEO"
"82",82,"tidak ada yang perlu dihargai berlebihan dari senioritas","CEO"
"83",83,"senior dan junior bisa saling melengkapi dan berkolaborasi dengan produktif dalam satu organisasi bila bisa saling menghargai","CEO"
"84",84,"jangan takut untuk merekrut orang orang yang tidak berpengalaman tapi mempunyai kemampuan untuk belajar secara cepat","CEO"
"85",85,"jangan takut mengamanahkan orang yang masih junior untuk jabatan yang berat","CEO"
"86",86,"sebaliknya tidak perlu alergi untuk menerima para senior untuk menangani teknologi teknologi kekinian sepanjang mereka punya semangat untuk terus belajar delearning dan relearning","CEO"
"87",87,"seperti hukum pertama newton tentang inersia apa yang bergerak cenderung akan terus bergerak ke arah yang sama apa yang diam cenderung akan tetap diam","CEO"
"88",88,"penghargaan berlebihan terhadap senioritas telah mendarah daging bukan hanya di berbagai organisasi tapi juga di dalam budaya","CEO"
"89",89,"untuk mengubah hal tersebut tidak mudah","CEO"
"90",90,"tidak mudah bagi para junior untuk bersuara di sebagian besar organisasi","CEO"
"91",91,"dibutuhkan inisiatif dari para pemimpin organisasi untuk lebih memnberi ruang dan suara bagi para junior","CEO"
"92",92,"buat organisasi atau perusahaan yang sudah mapan anda bisa sedinamis para perusahaan start up","CEO"
"93",93,"mulailah dengan memberikan ruang bagi yang lebih muda seimbangkan telinga anda dalam mendengar tanpa menekankan senioritas","CEO"
"94",94,"saatnya jurang pemisah antara senior dan junior dijembatani untuk kolaborasi yang lebih baik","CEO"
"95",95,"tidak mudah tapi bukan tidak bisa","CEO"
"96",96,"sebagian dari kita mungkin pernah berkontribusi menyuburkan toxic seniority entah masih saat ini atau cuma saat masih di kampus","CEO"
"97",97,"entah dengan menggunakan kesungkanan para junior untuk menitipkan sanak keluarga di organisasi tersebut atau cuma sekedar dulu ikut dalam panitia ospek","CEO"
"98",98,"saya ingin menutup ini dengan meminta maaf kalau ada tindakan dan kelalaian saya yang telah ikut menyuburkan toxic seniority","CEO"
"99",99,"x tag seniority toxic seniority isikan data di bawah atau klik salah satu ikon untuk log in you are commenting using your word press","CEO"
"100",100,"com account 2","CEO"
"101",101,"logout ubah you are commenting using your google account","CEO"
"102",102,"logout ubah you are commenting using your twitter account 2","CEO"
"103",103,"logout ubah you are commenting using your facebook account 2","CEO"
"104",104,"x logout ubah connecting to percent s beri tahu saya komentar baru melalui email","CEO"
"105",105,"beritahu saya pos pos baru lewat surat elektronik 2","CEO"
"106",106,"c walaupun disertasi doktoral saya mengenai organizational ambidexterity saya jarang bertemu dengan orang yang ambidextrous secara fisik yang menjadi inspirasi konsep organizational ambidexterity","CEO"
"107",107,"orang yang ambidextrous adalah orang yang mampu menggunakan tangan kanan dan tangan kiri dengan sama baiknya termasuk untuk menulis dengan tangan kanan dan tangan kiri secara bersamaan","CEO"
"108",108,"salah satu kunci sukses kesinambungan suatu organisasi terletak pada organizational ambidexterity kemampuannya untuk menyeimbangkan fokus antara efisensi dan efektivitas antara kemampuan untuk bertahan dan kemampuan untuk berinovasi antara perspektif jangka pendek dan jangka panjang antara memperdalam pengetahuan dan kemampuan yang sudah terbangun dengan menemukan pengetahuan dan kemampuan masa depan yang belum eksis","CEO"
"109",109,"polaritas adalah kenyataan yang akan selalu hadir sepanjang sejarah bahkan makin terasa akhir akhir ini di ruang publik","CEO"
"110",110,"pandangan politik yang makin terpolarisasi bukan hanya menjadi tantangan di negara kita tapi juga di belahan dunia lainnya","CEO"
"111",111,"pertentangan ideologi kiri dan kanan liberal dan konservatif terus mewarnai sejarah manusia","CEO"
"112",112,"sebagaimana kesinambungan organisasi yang bergantung kepada kemampuan menyeimbangkan polaritas tersebut mungkin kemampuan ambidexterity ini juga bisa menjadi solusi dalam ruang publik","CEO"
"113",113,"bung karno mencoba mengelola polaritas yang ada berbagai kabinet setelah era reformasi pun mencoba mengelola polaritas yang terjadi","CEO"
"114",114,"ada berbagai tipe organizational ambidexterity tapi salah satu tipe yang sulit untuk dicapai adalah harmonic ambidexterity di mana ambidexterity terjadi secara simultan pada setiap waktu dan di seluruh unit dari suatu organisasi","CEO"
"115",115,"kemampuan ini menuntut personal ambidexterity terutama di level pemimpinnya di berbagai unit yang mampu secara simultan mengelola keseimbangan tersebut dalam pikirannya","CEO"
"116",116,"kemampuan ambidexterity ini bisa ditingkatkan dengan melatih kemampuan dan kecepatan belajar","CEO"
"117",117,"belajar berbagai hal baru membuka cakrawala berpikir dan menjauhkan kita jatuh di salah satu ekstrem tanpa bisa memahami ekstrem lain","CEO"
"118",118,"kemampuan ini juga bisa ditingkatkan dengan belajar mendengarkan dari berbagai pihak yang berbeda","CEO"
"119",119,"belajar menjadi seorang pemimpin yang baik bisa dimulai dengan belajar mendengarkan suara suara yang terabaikan suara kelompok yang termarjinalkan","CEO"
"120",120,"seorang pemimpin biasanya lebih cenderung akan mendengarkan suara suara di lingkaran terdekatnya","CEO"
"121",121,"oleh karena itu untuk melatih kemampuan ambidexterity seorang pemimpin bisa menyeimbangkan dengan mendengar suara suara sayup di kejauhan","CEO"
"122",122,"kalau mau belajar mengelola kesenjangan generasi belajarlah mendengar suara dari generasi yang berbeda dengan generasi kita","CEO"
"123",123,"kalau mau mengelola kesenjangan gender belajarlah mendengar suara dari berbagai gender yang berbeda","CEO"
"124",124,"kesempatan tatap muka tentu hanya akan memberikan pengenalan yang sangat terbatas","CEO"
"125",125,"apalagi dengan adanya pandemi ini kesempatan tersebut menjadi makin langka","CEO"
"126",126,"teknologi sosial seperti media sosial menjadi alat yang sangat bermanfaat untuk mendengar suara suara sayup dari pinggiran","CEO"
"127",127,"saya sangat bersyukur dengan hadirnya berbagai media sosial saya belajar mengenal dan memahami suara suara sayup tersebut","CEO"
"128",128,"masih ada pekerjaan rumah yang belum saya mulai punya akun tik tok","CEO"
"129",129,"saya bukan orang yang bisa berjoget ria tapi setidaknya saya bisa ikut merasakan kegembiraan dan cara berekspresi generasi tik tok","CEO"
"130",130,"pandemi covid 19 yang sedang berlangsung juga mengajarkan kita untuk lebih ambidextrous","CEO"
"131",131,"kita disadarkan untuk menyadari seberapa ekstrem sistem dan kehidupan kita telah melangkah","CEO"
"132",132,"kita disadarkan seberapa jauh kapitalisme dan konsumerisme yang ekstrem telah merampas berbagai karunia lain di dalam kehidupan kita lingkungan hidup yang indah dan berkelanjutan persahabatan sesama anak manusia ketika dihadapkan pada tantangan yang sama si virus covid 19","CEO"
"133",133,"kita diajak untuk kembali ke tengah karena kebanyakan hal yang berlebihan itu tidak baik","CEO"
"134",134,"sebagai orang yang extrovert salah satu anugerah yang saya sadari dari pandemi ini adalah kesempatan untuk berdamai dengan keheningan","CEO"
"135",135,"di balik keheningan suara suara sayup tersebut bermunculan dengan merdu","CEO"
"136",136,"bukan hanya suara suara burung berkicau di tengah keheningan jakarta tapi juga suara sayup sayup dari pinggiran suara sahabat sahabat lama yang sudah terpencar dan tentunya suara pencerahan dari berbagai bacaan","CEO"
"137",137,"kita disadarkan bahwa kebahagiaan tidak melulu seperti yang diteriakkan para motivator terkenal tapi di sudut lain ada kebahagiaan lain yang menanti","CEO"
"138",138,"memang paradoks kebahagiaan paling besar kadang kita sadari ketika tragedi mendekat","CEO"
"139",139,"saya ingat betapa hati saya diliputi kegembiraan dan rasa syukur yang tak terucapkan ketika pertama kali bangun dari meja operasi","CEO"
"140",140,"rasa syukur dan bahagia yang sama itu saya rasakan berlanjut setiap bangun pagi","CEO"
"141",141,"lima tahun yang lalu 13 juni 2015 pas di saat peringatan pesta st","CEO"
"142",142,"antonius padua saya kebetulan lewat kota padua","CEO"
"143",143,"saya sempatkan untuk berkunjung ke basilika st","CEO"
"144",144,"antonius padua tempat orang kudus ini dimakamkan seorang pengkotbah ulung yang secara ajaib ketika jenazahnya akan dipindahkan 32 tahun setelah kematiannya ternyata menyisakan bukan hanya tulang tapi lidah yang masih utuh yang sekarang berada di basilika tersebut","CEO"
"145",145,"bergabung sebagai imam di ordo fransiskan yang didirikan st","CEO"
"146",146,"fransiskus asisi perhatiannya terhadap orang miskin dan orang orang yang terpinggirkan menginspirasi banyak gerakan solidaritas hingga saat ini termasuk st","CEO"
"147",147,"anthony s bread kotak hitam berisi donasi untuk orang miskin","CEO"
"148",148,"suara dari padua juga adalah salah satu suara sayup sayup dari sudut lain untuk belajar lebih ambidextrous","CEO"
"149",149,"semoga di kesempatan lain saya bisa bercerita tentang bagaimana berbagai pihak pengambil keputusan bisa menggunakan konsep ambidexterity ini dalam mengelola pandemi ini ataupun mengelola organisasinya di tengah situasi pandemi ini","CEO"
"150",150,"kalau tertarik silakan tinggalkan pesan di bagian komentar","CEO"
"151",151,"tag ambidexterity antonius padua balance leadership management dear pak mardi saya sangat mengagumi bapak","CEO"
"152",152,"dari tulisan cerita study bapak di amerika dan bergelar doctor membuat saya terpacu suatu saat ingin menampaki seperti bapak","CEO"
"153",153,"gaya bahasa tulisannya sangat mudah dipahami dan diterapkan","CEO"
"154",154,"mungkin jika bapak berkenan suatu saat saya akan berikan ebook saya untuk pengkoreksian kata dan bersedia merevisi bagian kata yang kurang pas","CEO"
"155",155,"semoga bapak membaca komentar saya","CEO"
"156",156,"salam inspirasi afonasis suka suka isikan data di bawah atau klik salah satu ikon untuk log in you are commenting using your word press","CEO"
"157",157,"com account 3","CEO"
"158",158,"logout ubah you are commenting using your google account 2","CEO"
"159",159,"x logout ubah you are commenting using your twitter account","CEO"
"160",160,"logout ubah you are commenting using your facebook account 3","CEO"
"161",161,"logout ubah connecting to percent s beri tahu saya komentar baru melalui email 2","CEO"
"162",162,"beritahu saya pos pos baru lewat surat elektronik 3","CEO"
"163",163,"c saya meminjam judul ini dari kata kata di dalam buku yang dikarang salah satu dosen filsafat saya di stf driyarkara romo thomas hidya tjaya sj yang berjudul kierkegaard dan pergulatan menjadi diri sendiri","CEO"
"164",164,"bagi saya yang dari dulu mengangumi pemikiran kierkegaard membaca buku ini seolah diajak berdiskusi seru dengan kawan lama","CEO"
"165",165,"mengapa kierkegaard dari tokoh filsafat ini saya belajar salah satu kemampuan paling penting dalam hidup dan juga dalam memimpin kemampuan memilih termasuk dan mungkin paling sering ketika harus memilih ketika informasi yang tersedia sangat terbatas","CEO"
"166",166,"memilih adalah salah satu pergumulan batin yang paling berat dan menyiksa karena seringnya memilih satu hal berarti mengorbankan hal lainnya","CEO"
"167",167,"namun kita tetap harus memilih supaya bisa menjadi manusia yang otentik","CEO"
"168",168,"sepanjang hidup saya saya tidak pernah berhenti dihadapkan dengan berbagai pilihan sulit sama seperti kebanyakan orang dan saya terus belajar untuk memilih mulai dari memilih bagaimana saya menjalani hidup saya sampai memilih berbagai alternatif keputusan pada saat memimpin organisasi","CEO"
"169",169,"tepat 31 mei 33 tahun yang lalu saya memilih menjawab suara yang terus bergema sejak satu pagi ketika saya menginjakkan kaki di gereja tua di kampung halaman saya dengan menerima baptisan dalam gereja katolik","CEO"
"170",170,"satu pilihan yang sulit buat seorang remaja karena dengan pilihan itu saya harus menentang kehendak orang tua saya","CEO"
"171",171,"saat itu sekedar untuk ke gereja pun saya harus diam diam kadang dengan menyembunyikan sepeda saya di kolong gereja","CEO"
"172",172,"berjalan dengan waktu akhirnya mereka bisa menerima dan sekarang bahkan sesekali ikut ke gereja","CEO"
"173",173,"saya memilih untuk mengikuti suara itu yang telah terlebih dahulu memilih dan memanggil saya untuk melangkah ke situ","CEO"
"174",174,"saat saya membaca buku paulo coelho the alchemist saya baru sadar saya sering memilih dengan menanggapi tanda tanda yang berserakan sepanjang hidup saya","CEO"
"175",175,"saya baru sadar tanda tanda itu bisa hadir dengan ajaib dalam berbagai bentuk","CEO"
"176",176,"saya lahir di tanggal yang secara dirayakan sebagai hari nutrisi dan dibaptis di tanggal yang dirayakan sebagai hari tanpa tembakau sedunia","CEO"
"177",177,"apakah itu satu kebetulan bahwa kemudian saya menapaki hidup saya dalam perusahaan yang berjuang untuk menginspirasi hidup sehat dan sebagai intermezzo kalau diteruskan dengan ilmu cocoklogi angka angka di kedua tanggal tersebut hanya berbeda satu angka","CEO"
"178",178,"dan lebih uniknya orang orang dekat dalam hidup saya lahir di tanggal tanggal yang disusun ulang dari angka angka tersebut","CEO"
"179",179,"tuhan memang maha ajaib","CEO"
"180",180,"di perjalanan berikutnya keputusan besar lain yang saya buat dalam hidup ini adalah bergabung di rumah kedua yang ingin menginspirasi hidup yang lebih sehat genap 25 tahun di jumat mendatang","CEO"
"181",181,"bagaimana saya memilih di antara berbagai pilihan lain bagaimana saya memilih bertahan di antara sekian ajakan lain memilih dalam keheningan dan doa adalah cara memilih yang terbaik","CEO"
"182",182,"jawaban seringnya tidak muncul begitu saja dengan nyaring tapi lebih seringnya dituntun oleh serangkaian prinsip dan tujuan yang lebih besar","CEO"
"183",183,"dengan tuntunan itu saya menimbang nimbang dan memilih kemudian saya mantapkan dengan apakah saya menemukan rasa damai di dalam pilihan itu","CEO"
"184",184,"ketika memilih pekerjaan saya memilih berdasarkan apa yang mau saya capai dalam hidup ini apakah pilihan saya mendukung misi hidup dan panggilan saya apakah pilihan saya membantu saya untuk bisa memberikan diri yang terbaik","CEO"
"185",185,"ketika memilih menerima satu jabatan saya harus memilih untuk merelakan berbagai hal yang mungkin harus dikorbankan sebagian dari privasi saya sebagian sikap pemberontakan saya terhadap kemapanan dan mungkin kesulitan menemukan pertemanan yang tulus kehilangan kesempatan untuk menemukan teman yang bisa berteman tanpa melihat embel embel yang melekat","CEO"
"186",186,"masih banyak pilihan yang saya buat dalam hidup yang terkadang sulit dimngerti orang lain","CEO"
"187",187,"saya bersyukur dikaruniai orang tua yang bersabar untuk memahami dan mengerti pilihan anaknya mulai dari pilihan sekolah pilihan bekerja pilihan agama dan tentu pilihan dara menjalani jalan hidup","CEO"
"188",188,"namun saya tidak berhenti untuk terus memilih dan membuat keputusan","CEO"
"189",189,"bukan hanya memilih untuk diri sendiri tapi yang tidak kalah dilematisnya adalah memilih dan mengambil keputusan sebagai pemimpin dalam satu organisasi","CEO"
"190",190,"memilih calon karyawan baru memilih karyawan yang akan dipromosikan memilih paket kompensasi yang adil memilih penyelesaian terbaik untuk karyawan yang melakukan pelanggaran serius termasuk tindak kriminal memilih produk baru yang akan diluncurkan dan produk yang terpaksa dihentikan memilih cara pemasaran terbaik menentukan pilihan bila diminta untuk menjuri suatu kompetisi dan seterusnya","CEO"
"191",191,"pilihan pilihan tersebut seringnya tidak pernah mudah menyita pemikiran berhari hari kadang sampai terbawa tidur","CEO"
"192",192,"seringnya pilihan yang tersedia tidak akan menyenangkan semua pihak","CEO"
"193",193,"pada titik ini sebagian pemimpin kadang menjadi lumpuh dengan tidak memilih dan tidak bertindak atau memilih tapi tidak mampu mengkomunikasikan pilihannya dengan baik sehingga menimbulkan kebingungan","CEO"
"194",194,"saya bisa memahami bagaimana sulitnya seorang pemimpin publik bisa mengambil keputusan di tengah sikap publik yang terbelah dan tidak terbuka pikirannya untuk memahami bahwa kebenaran yang dipercayainya bukanlah kebenaran yang mutlak","CEO"
"195",195,"saya bisa membayangkan betapa sulitnya pemimpin pemimpin negara yang harus mengambil keputusan karantina di saat pandemi di tengah tekanan berbagai pihak yang bersikeras dengan pandangannya sendiri","CEO"
"196",196,"i choose therefore i exist","CEO"
"197",197,"ini berlaku juga untuk seorang pemimpin","CEO"
"198",198,"apakah saya pernah salah dengan pilihan saya kadang kadang","CEO"
"199",199,"dari kesalahan saya terus belajar untuk memilih dengan lebih baik","CEO"
"200",200,"tapi tidak semua kesalahan bisa dihindari karena pada saat memilih tidak semua informasi terang benderang","CEO"
"201",201,"seringnya kebenaran atau ketepatan satu pilihan baru terungkap seiring berjalannya waktu","CEO"
"202",202,"oleh karena itu penting untuk mempunyai buffer dalam setiap pengambilan keputusan","CEO"
"203",203,"untuk hal ini bisa baca tulisan saya sebelumnya di blog tentang portofolio i c b","CEO"
"204",204,"menyadari kemunkginan kesalahan tersebut mengajarkan saya untuk lebih sabar dan leibh pemaaf terhadap pilihan orang lain","CEO"
"205",205,"berkali kali saya menemani karyawan yang harus bergumul mengambil keputusan untuk pindah ke perusahaan lain","CEO"
"206",206,"seberat apa pilihannya seberat saya harus menyodorkan tisu yang ada di meja saya","CEO"
"207",207,"kadang mereka membuat pilihan yang tidak tepat","CEO"
"208",208,"kadang beberapa bulan kemudian saya menerima mereka kembali seperti perumpamaan anak yang hilang","CEO"
"209",209,"tapi tidak jarang juga mereka bahagia dan terus berkarya dengan pilihan barunya","CEO"
"210",210,"tag number choice decision making leadership philosophy isikan data di bawah atau klik salah satu ikon untuk log in you are commenting using your word press","CEO"
"211",211,"com account 4","CEO"
"212",212,"logout ubah you are commenting using your google account 3","CEO"
"213",213,"logout ubah you are commenting using your twitter account 3","CEO"
"214",214,"x logout ubah you are commenting using your facebook account","CEO"
"215",215,"logout ubah connecting to percent s beri tahu saya komentar baru melalui email 3","CEO"
"216",216,"beritahu saya pos pos baru lewat surat elektronik 4","CEO"
"217",217,"c bisakah satu kerumunan berjalan dengan baik tanpa pemimpin bisakah satu komunitas atau masyarakat bertumbuh maju tanpa peran aktif pemimpin bisakah masyarakat secara mandiri meminimumkan penyebaran covid 19 tanpa menggantungkan diri pada pemimpin formal banyak yang mendewakan peran pemimpin dalam mengatasi berbagai masalah organisasi atau komunitas atau masyarakat","CEO"
"218",218,"namun benarkah satu satunya cara adalah dengan mengandalkan pemimpin yang efektif alam memberikan jawaban alternatif yang menarik","CEO"
"219",219,"sudah lama saya ingin menulis hal ini","CEO"
"220",220,"kebetulan minggu ini saya membaca ulang satu buku lama dari teman buku karangan hokky situngkir yang berjudul kode kode nusantara","CEO"
"221",221,"ini adalah buku lintas disiplin ilmu yang luar biasa","CEO"
"222",222,"buku yang dengan asyik bisa bercerita tentang budaya nusantara dengan pendekatan ilmu matematika biologi fisika dan filsafat","CEO"
"223",223,"buku ini membiuat saya terkagum kagum dengan penulisnya maupun dengan kekayaan budaya nusantara yang menyimpan berbagai rahasia kecerdasan dan kebijakan yang luar biasa","CEO"
"224",224,"saya akan meminjam sedikit uraian dari bab yang berjudul dari geometri ke cara bersosial untuk membahas tentang auto pilot sebagai alternatif untuk menyelesaikan masalah terutama masalah penyebaran covid 19","CEO"
"225",225,"bab ini salah satunya bercerita tentang meminjam konsep geometri dan biologi untuk membangun pohon kekerabatan atau filogenetik berbagai struktur kepemimpinan kerajaan kerajaan yang sempat memerintah di nusantara","CEO"
"226",226,"penulis memaparkan temuan tentang kepemimpinan kolektif dalam menjawab pertanyaan seberapa sentralkah peran seorang raja di masing masing kerajaan itu sistem sosial di nusantara tak semata mata bergantung pada apa dan siapa yang menjabat sebagai pemimpin tapi bergantung pada sinergi elemen elemen sosial yang justru memiliki konsep kepemimpinan yang lebih luas","CEO"
"227",227,"tidak heran berulang kali dalam sejarah ketika peran kepemimpinan formal tidak memenuhi harapan masyarakat secara kolektif dengan keterbatasannya mampu melewati berbagai tantangan dengan baik","CEO"
"228",228,"ketika kritik auto pilot muncul ekonomi masih bertumbuh dengan baik","CEO"
"229",229,"ketika birokrasi lamban mengatasi hal tertentu gotong royong masyarakat mampu bergerak menjadi penyeimbang","CEO"
"230",230,"x dengan berbagai kritik terhadap penanganan covid 19 akankah masyarakat kita melewati pandemi ini dengan baik dengan korban jiwa dan kerugian jangka panjang sesedikit mungkin dalam bab itu juga penulis membandingkan dengan swarm intelligence atau kecerdasan kerumunan untuk menunjukkan bagaimana kepemimpinan lahir secara organis di makhluk sosial seperti semut atau kelompok burung yang bermigrasi atau school of fish yang bisa dijumpai saat diving","CEO"
"231",231,"burung burung yang bermigrasi membentuk formasi formasi unik pada saat terbang bersama tanpa ada pemimpin yang mengaturnya","CEO"
"232",232,"formasi tersebut terbentuk secara organik hanya dengan mengikuti tiga aturan sederhana keterpisahan kesesuaian dan kohesi","CEO"
"233",233,"keterpisahan artinya masing masing terbang dengan menjaga jarak untuk menghindari tabrakan kesesuaian artinya masing masing terbang ke arah sejajar dengan arah sebagian besar burung lain dalam kelompok dan kohesi artinya semuanya terbang ke arah rata rata posisi burung yang ada di dekatnya","CEO"
"234",234,"tiga aturan sederhana yang mungkin tidak serumit keterampilan mereka membuat sarang dari ranting atau daun daunan","CEO"
"235",235,"bisakah kita menggunakan aturan sederhana seperti ini untuk mengurangi atau menghilangkan penyebaran covid 19 sembari tetap beraktivitas tanpa mengadalkan karantina garis keras ataupun psbb ataupun aturan aturan baru yang sedang disusun untuk menghadapi keadaan normal yang baru seringnya aturan aturan yang kompleks tidak cukup fleksibel untuk menghadapi berbagai kondisi di lapangan dan tidak cukup agile untuk menghadapi perubahan pengetahuan baru yang muncul","CEO"
"236",236,"pagi ini saya membaca tweet paramita mohamad sillysampi yng mengutip aturan sederhana di jepang untuk menghindari 3c yang bisa diterapkan untuk mengurangi penyebaran covid 19 yaitu menghindari closed spaces with poor ventilation crowded places with many people nearby dan close contact settings such as close range conversations","CEO"
"237",237,"untuk lebih mudahnya dia menerjemahkannya menjadi hindari ruang yang tertutup rap at isinya pad at dan lama orang saling dek at","CEO"
"238",238,"aturan aturan sederhana seperti ini kalau diterapkan semua orang secara disiplin mungkin akan lebih efektif untuk dipatuhi dibandingkan aturan aturan kompleks yang kemudian dilonggarkan dengan berbagai pengecualiaan atau kepatuhannya terjadi hanya saat diawasi","CEO"
"239",239,"kalau semua warga mematuhi aturan aturan sederhana seperti ini tentu perlu ditambah beberapa aturan sederhana seperti pakai masker di tempat umum rajin cuci tangan isolasi diri bila demam atau batuk kemungkinan besar penambahan kasus baru bisa ditekan untuk terus menurun dengan tingkat kematian yang kecil","CEO"
"240",240,"x apakah ini yang terjadi di bali ketiadaan psbb secara formal tergantikan dengan kebijaksanaan lokal dan kesadaran warga untuk menerapkan aturan aturan sederhana alam sudah memberikan banyak petunjuk dan pelajaran namun manusia banyak yang tidak peka dgn apa yg disampaikan tengkyu reminder nya lwt tulisan ini pak suka suka isikan data di bawah atau klik salah satu ikon untuk log in you are commenting using your word press","CEO"
"241",241,"com account 5","CEO"
"242",242,"logout ubah you are commenting using your google account 4","CEO"
"243",243,"x logout ubah you are commenting using your twitter account 2","CEO"
"244",244,"logout ubah you are commenting using your facebook account 4","CEO"
"245",245,"logout ubah connecting to percent s beri tahu saya komentar baru melalui email 4","CEO"
"246",246,"beritahu saya pos pos baru lewat surat elektronik 5","CEO"
"247",247,"c saat saya belajar operation mangement di purdue university salah satu konsep yang saya pelajari yang masih banyak saya gunakan sampai hari ini baik dalam pekerjaan maupun dalam kegiatan sehari hari adalah portofolio i c b","CEO"
"248",248,"konsep yang diajarkan prof","CEO"
"249",249,"leroy b","CEO"
"250",250,"schwarz ini adalah singkatan dari portofolio information control buffer","CEO"
"251",251,"dalam mengelola satu hal secara optimum kita bisa menyeimbangkan penggunaan 3 hal tersebut","CEO"
"252",252,"pada saat informasi ataupun sistem kontrol tidak memadai maka kita perlu mengandalkan buffer cadangan yang lebih tinggi","CEO"
"253",253,"sebaliknya pada saat informasi sangat jelas dan atau sistem kontrol bisa berjalan dengan efektif maka penyediaan buffer yang tinggi akan menjadi pemborosan","CEO"
"254",254,"masing masing faktor i c dan b tentu membawa biayanya masing masing","CEO"
"255",255,"untuk menjaga efisiensi dalam tiap kondisi kita perlu memilih menyeimbangkan ketiga hal tersebut agar total biaya i c b yang terjadi adalah biaya yang paling minimal","CEO"
"256",256,"semua muat dalam 1 ransel untuk 10 hari ke eropa kita bisa ambil contoh soal berangkat ke bandara untuk terbang ke kota lain dengan pesawat","CEO"
"257",257,"kalau saya tidak punya informasi i yang akurat seberapa lama saya bisa sampai ke bandara dari rumah saya dan saya tidak tahu seberapa panjang antrian check in maka salah satu cara yang bisa saya lakukan adalah datang jauh lebih awal mungkin tiga jam sebelum lepas landas satu setengah jam untuk perkiraan perjalanan paling lama ditambah dengan kemungkinan kalau terjadi kemacetan setengah jam untuk perkiraan check in kalau ternyata antrian panjang dan setengah jam lagi cadangan tambahan bila ada hal hal tak terduga terjadi","CEO"
"258",258,"semua waktu tambahan ini adalah buffer b yang melibatkan biaya berupa waktu yang seharusnya bisa saya gunakan untuk hal lain","CEO"
"259",259,"namun saya bisa mengurangi buffer ini dengan sistem kontrol c lebih baik misalnya dengan melakukan check in secara online sebelum terbang","CEO"
"260",260,"saya bisa juga meningkatkan pencarian informasi untuk meningkatkan sistem kontrol ini misalnya dengan mencari tahu maskapai mana yang antriannya untuk check in lebih pendek atau jam penerbangan mana yang antriannya lebih pendek atau bandara keberangkatan mana yang antriannya lebih pendek","CEO"
"261",261,"biasanya saya akan memilih terbang dari bandara halim karena jarak dari kantor ataupun rumah lebih dekat kemacetan dari arah kantor dan rumah menuju halim biasanya lebih kecil standar deviasinya makin lama saya makin punya data yang lebih akurat tentang rata rata waktu tempuh jalur ini termasuk rata rata kemacetannya pada jam tertentu apalagi sekarang ada aplikasi peta yang sangat membantu untuk memperkirakan jarak tempuh","CEO"
"262",262,"saya biasa memilih penerbangan paling pagi atau pas jam sholat jumat karena biasanya kemacetan lebih bisa diperkirakan dan biasanya penerbangan pagi lebih jarang tertunda ini bonusnya","CEO"
"263",263,"selain itu saya tidak pernah membawa bagasi saya hanya membawa bagasi kalau penerbangan internasional untuk musim dingin dengan durasi travel lebih dari 2 minggu sehingga saya bisa melakukan check in secara online dan tidak perlu antri","CEO"
"264",264,"dengan faktor i dan c yang memadai tersebut saya bisa mengurangi secara signifikan cadangan waktu b yang saya sediakan untuk menuju bandara","CEO"
"265",265,"biasa saya baru berangkat dari kantor sekitar 75 menit sebelum penerbangan dan sampai saat ini belum pernah ketinggalan pesawat","CEO"
"266",266,"nah mari kita pindah soal pandemi virus korona","CEO"
"267",267,"berbagai alternatif untuk mengelola pandemi ini bisa dilakukan namun tiap negara tentu punya kondisi yang berbeda sehingga tidak ada rumus yang sama untuk bisa mengelola dengan efektif dan efisien","CEO"
"268",268,"korea selatan dan singapura pada tahap awal mengandalkan deteksi cepat dan penelusuran pasien untuk bisa mendapatkan informasi i penyebaran virus ini dengan tepat dilanjutkan dengan sistem kontrol yang ketat sehingga mereka tidak perlu menyediakan faktor buffer b berupa pembatasan aktivitas secara total","CEO"
"269",269,"singapura dari penemuan kasus pertama hingga awal april sebelum diberlakukan circuit breaker lockdown cara singapura masih memperbolehkan berbagai aktivitas tapi dengan menjaga jarak antar orang termasuk museum masih buka tapi dengan pembatasan jumlah pengunjung","CEO"
"270",270,"china dengan kondisi kendali dan kekuasaan pemerintah yang sangat kuat tanpa demokrasi gaya barat tentu lebih mudah mengandalkan sistem kontrol yang sangat ketat dan efektif tanpa takut adanya protes masyarakat atau kekhawatiran melanggar hak kebebasan sipil","CEO"
"271",271,"bagaimana dengan indonesia kita memiliki keterbatasan laboratorium untuk verifikasi pasien positif tapi kita masih mungkin memperluas penggunaan rapid test untuk melakukan prediksi","CEO"
"272",272,"jawa barat melakukan hal ini untuk mengetahui lebih jelas sebaran virusnya supaya bisa merancang sistem kontrol dengan lebih baik","CEO"
"273",273,"informasi yang didapatkan kalau tidak dimanfaatkan untuk sistem kontrol yang efektif akan sia sia","CEO"
"274",274,"secara nasional pengumpulan informasi ini mendapatkan banyak sorotan","CEO"
"275",275,"selain kapasitas laboratorium yang belum memadai masih jauh dari yang diharapkan oleh presiden pengumpulan informasi ini juga dipersulit oleh kondisi geografis kepulauan kita yang mempersulit transportasi sampel dari daerah ke laboratorium terdekat","CEO"
"276",276,"di tengah kekisruhan ini kelihatannya sense of urgency dari tim laboratorium pun sempat dipertanyakan setelah beredarnya surat dari badan laboratorium yang merencanakan penghentian pengiriman sampel selama lebaran walaupun surat tersebut kemudian dikoreksi","CEO"
"277",277,"namun yang menjadi masalah adalah kemampuan membangun sistem kontrol yang efektif","CEO"
"278",278,"kita mungkin tidak seberuntung beberapa negara lain yang mampu bertahan dengan penghentian kegiatan ekonomi selama jangka waktu tertentu","CEO"
"279",279,"pembatasan kegiatan ekonomi yang berlebihan dalam waktu panjang tentu akan menciptakan masalah lain yang mungkin juga menyumbang angka kematian dalam bentuk lain","CEO"
"280",280,"orang orang yang tidak mempunyai penghasilan maupun orang yang stress karena pembatasan total berkepanjangan mungkin akan menghadapi masalah kesehatan lain salah satunya karena turunnya imunitas","CEO"
"281",281,"kita juga tidak seberuntung masyarakat negara lain yang lebih disiplin dalam mengikuti berbagai aturan dan himbauan yang ada","CEO"
"282",282,"kalaupun sistem kontrol bisa dirancang tapi efektivitas penerapannya akan menemui berbagai masalah","CEO"
"283",283,"salah satu contoh kecil adalah beredarnya isu jual beli surat bebas covid untuk memenuhi syarat terbang dengan pesawat","CEO"
"284",284,"selama ini untuk mendapatkan surat sakit buat karyawan yang mangkir bukan hal yang mustahil","CEO"
"285",285,"masalah kita dimulai dari bangku sekolah berapa banyak siswa yang pernah menyontek selama sekolah atau kuliah berapa banyak mahasiswa yang pernah titip absen selama kuliah","CEO"
"286",286,"berapa banyak dari kita yang pernah menonton film bajakan","CEO"
"287",287,"kita kurang belajar untuk merasa malu kalau tidak disiplin kalau tidak jujur","CEO"
"288",288,"mengubah hal tersebut tidak bisa dalam sebulan butuh bertahun tahun","CEO"
"289",289,"oleh karena itu membangun sistem kontrol yang efektif akan menjadi hal yang sangat mahal saat ini dan sangat sulit","CEO"
"290",290,"dengan kurang tersedianya sistem kontrol c yang efektif maka kita perlu mengandalkan buffer b","CEO"
"291",291,"kita perlu belajar menghadapi kondisi normal yang baru dengan terus menjaga jarak menggunakan masker meningkatkan imunitas kalau sampai terinfeksi semoga imunitas kita bisa melawan dengan baik","CEO"
"292",292,"buat orang orang yang hidup dengan hipertensi diabetes penyakit jantung dan pembuluh darah masalah kolesterol dan obesitas yang merupakan faktor yang meningkatkan risiko kematian bila terpapar covid 19 mari hidup lebih sehat","CEO"
"293",293,"kurangi konsumsi gula garam dan lemak","CEO"
"294",294,"olahraga dan tidur yang teratur","CEO"
"295",295,"informasi yang terkumpul dari statistik wabah ini dari data resmi yang ada memperlihatkan keberhasilan intervensi mandiri tanpa psbb di beberapa area dalam hal mencegah terbentuknya kurva eksponensial pertambahan kasus baru","CEO"
"296",296,"informasi ini tentu menjadi kabar baik untuk bisa menghadapi kondisi normal yang baru ke depannya","CEO"
"297",297,"saat ini jangan skeptis mendengar ajakan untuk berdamai dengan korona","CEO"
"298",298,"saat musuh tidak mampu kita lenyapkan berdamai dan hidup bersama dengan selamat merupakan pilihan terbaik kedua dibandingkan larut dalam caci maki dan keputusasaan","CEO"
"299",299,"semoga kecepatan penambahan kasus baru terus melambat dan tingkat kesembuhan bisa dicapai setinggi mungkin","CEO"
"300",300,"isikan data di bawah atau klik salah satu ikon untuk log in you are commenting using your word press","CEO"
"301",301,"com account 6","CEO"
"302",302,"logout ubah you are commenting using your google account 5","CEO"
"303",303,"logout ubah you are commenting using your twitter account 4","CEO"
"304",304,"logout ubah you are commenting using your facebook account 5","CEO"
"305",305,"x logout ubah connecting to percent s beri tahu saya komentar baru melalui email 2","CEO"
"306",306,"beritahu saya pos pos baru lewat surat elektronik 6","CEO"
"307",307,"c pandemi ini mempopulerkan istilah wfh di seluruh dunia","CEO"
"308",308,"di banyak tempat orang disarankan untuk sebisa mungkin bekerja dari rumah work from home wfh","CEO"
"309",309,"dahulu wfh adalah kemewahan yang hanya bisa dinikmati segelintir orang karena ketidakcukupan infrastuktur seperti sinyal dan aplikasi kerja yang memadai serta ketidaksiapan budaya organisasi untuk mengakomodasi hal tersebut","CEO"
"310",310,"sekarang siap tidak siap banyak organisasi yang terpaksa menjalankan opsi ini","CEO"
"311",311,"dahulu banyak yang senang bisa mendapatkan kesempatan wfh","CEO"
"312",312,"sekarang setelah berjalan lebih dari sebulan sebagian sudah berteriak ingin masuk kantor work from office wfo apalagi buat orang extrovert yang perlu mengumpulkan semangatnya dari tengah kerumunan orang","CEO"
"313",313,"x jadi kamu termasuk tim yang mana agar efektif wfh memang memerlukan beberapa syarat","CEO"
"314",314,"pertama kesiapan infrastuktur seperti sinyal dan ruang kerja yang memadai di rumah","CEO"
"315",315,"kedua suasana rumah yang mendukung untuk bisa bekerja dari rumah anggota keluarga yang bisa mengerti dan memberikan waktu yang tenang untuk bisa bekerja dari rumah","CEO"
"316",316,"ketiga menurut saya ini yang terpenting adalah budaya perusahaan yang mendukung","CEO"
"317",317,"wfh memerlukan budaya organisasi yang saling percaya antara organisasi dan karyawannya yang lebih memberdayakan anggota organisasinya untuk bisa mengatur dirinya sendiri","CEO"
"318",318,"meminjam teori mc gregor tentang gaya manajemen wfh memerlukan gaya manajemen teori y","CEO"
"319",319,"dalam bukunya berjudul the human side of entreprise mc gregor menjelaskan ada teori gaya manajemen","CEO"
"320",320,"teori pertama yang dinamakan teori x berasumsikan bahwa pada dasarnya karyawan tidak suka atau tidak termotivasi untuk bekerja sehingga perlu dikontrol dengan insentif dan hukuman atau pendekatan stick and carrot","CEO"
"321",321,"gaya ini sejalan dengan teori kontrak dalam ilmu ekonomi tentang informasi asimetris","CEO"
"322",322,"sebagian besar organisasi profesional berjalan menggunakan teori ini","CEO"
"323",323,"sebagian besar prosedur budaya dan struktur organisasi dibangun di bawah teori ini","CEO"
"324",324,"kontrol menjadi salah satu kata kunci untuk keberhasilan di teori ini","CEO"
"325",325,"penggunaan kontrol secara berlebihan dalam banyak organisasi telah ikut menyumbang ketidakpuasan karyawan atau anggota organisasi yang cukup tinggi di seluruh dunia","CEO"
"326",326,"data di asia pasifik menunjukkan mayoritas karyawan tidak engage dengan perusahaannya","CEO"
"327",327,"manusia dewasa pada umumnya ingin dipercaya dan tidak ingin dikontrol secara berlebihan","CEO"
"328",328,"teori kedua adalah kebalikannya","CEO"
"329",329,"teori y berasumsikan bahwa pada dasarnya manusia apalagi karyawan yang sudah melewati proses seleksi bisa mencintai pekerjaannya","CEO"
"330",330,"meminjam asumsi edward deming mahaguru total quality management pada dasarnya hampir semua manusia pada hampir semua saat akan berusaha melakukan yang terbaik","CEO"
"331",331,"organisasi yang dibangun di atas teori y ini umumnya mampu membangun employee engagement yang lebih baik","CEO"
"332",332,"kontrol bukanlah satu satunya kata sakti dalam menjalankan organisasi","CEO"
"333",333,"kepercayaan integritas self control menjadi kunci keberhasilan organisasi","CEO"
"334",334,"organisasi dengan teori y ini lebih siap untuk bisa menjalankan wfh secara lebih efektif","CEO"
"335",335,"banyak ahli memperkirakan bahwa kita tidak akan kembali ke kondisi kerja pra pandemi dalam waktu dekat","CEO"
"336",336,"yang akan terjadi adalah kita harus bersiap dengan kondisi normal yang baru yang mengharuskan kita tetap menjaga jarak","CEO"
"337",337,"wfh akan tetap populer dalam beberapa saat mendatang","CEO"
"338",338,"bahkan walaupun satu hari bisa kembali ke kondisi pra pandemi sebagian organisasi mungkin akan menyadari manfaat besar dari wfh dan akan meneruskan kebijakan wfh","CEO"
"339",339,"bila dikelola dengan baik wfh mampu menaikkan produktivitas lewat employee engagement yang meningkat","CEO"
"340",340,"perusahaan yang bisa menerapkan kebijakan kerja yang lebih fleksibel seperti wfh atau bahkan wfe work from everywhere akan lebih menarik talenta talenta yang berharga lebih menarik buat generasi milenial dan generasi berikutnya yang akan memasuki dunia kerja","CEO"
"341",341,"budaya yang dibangun di atas teori y bisa menjadi keunggulan bersaing untuk organisasi","CEO"
"342",342,"wfe bekerja dari atas hammock yg digantung di antara dua bukit di labengki sulawesi tenggara semoga satu hari nanti wfe yang selama ini saya nikmati bukan lagi satu kemewahan tapi bisa jadi satu anugerah yang bisa dinikmati lebih banyak orang","CEO"
"343",343,"buat yang senang travelling coba bayangkan anda bisa bekerja dari depan laptop di tengah suara ombak yang pecah di pantai berpindah dari satu pantai ke pantai yang lain sepanjang tahun","CEO"
"344",344,"x atau mau bekerja dari hammock yg bergelantungan di ketinggian di antara dua bukit ini isikan data di bawah atau klik salah satu ikon untuk log in you are commenting using your word press","CEO"
"345",345,"com account 7","CEO"
"346",346,"logout ubah you are commenting using your google account 6","CEO"
"347",347,"logout ubah you are commenting using your twitter account 5","CEO"
"348",348,"logout ubah you are commenting using your facebook account 6","CEO"
"349",349,"x logout ubah connecting to percent s beri tahu saya komentar baru melalui email 3","CEO"
"350",350,"beritahu saya pos pos baru lewat surat elektronik 7","CEO"
"351",351,"c belum pernah ada yang mengkomentari petikan puisi dari sufi rumi yang tergantung di ruang kerja saya kecuali muhamad lutfi sabani salah satu anak muda nu yang waktu itu saya masuk ke ruangan saya untuk wawancara kerja","CEO"
"352",352,"katanya dia juga salah satu pengagum rumi","CEO"
"353",353,"petikan yang sudah diterjemahkan ke dalam bahasa inggris itu berbunyi become nothing and he ll turn you into everything","CEO"
"354",354,"rumi atau jalal ad din muhammad rumi jlal aldyn mhmd rwmy adalah sufi yang hidup di abad ke 13 di anatolia bekas area kekuasaan kekaisaran roma timur byzantium yang dalam bahasa arab disebut sebagai rum","CEO"
"355",355,"rumi dimakamkan di konya turki kota yang masuk dalam daftar kota yang akan saya kunjungi kalau ada kesempatan ke turki lagi","CEO"
"356",356,"puisi puisi rumi buat saya sangat berkesan karena dekat dengan konsep detachment salah satu prinsip utama dalam spiritualitas ignatian","CEO"
"357",357,"saya bersyukur pernah melewati tiga tahun yang sangat berharga di sma kolese loyola salah satu sekolah asuhan romo jesuit","CEO"
"358",358,"saat itu loyola adalah salah satu sekolah yang paling diminati di jawa tengah dan berhasil mengumpulkan banyak lulusan2 terbaik smp se jateng","CEO"
"359",359,"bayangkan betapa kecutnya hati saya ketika melihat pengumuman penerimaan siswa baru di mana rata rata siswa baru yang diterima saat itu rata rata nem semacam ujian nasional jaman itu sekitar 90","CEO"
"360",360,"tidak heran tiga tahun kemudian saat kelulusan sma lima siswa a1 dengan nilai tertinggi se jateng ada di loyola semua","CEO"
"361",361,"tapi bukan itu alasan utamanya","CEO"
"362",362,"saya bersyukur karena kepribadian dan karakter kepemimpinan saya dibentuk di tiga tahun itu","CEO"
"363",363,"saya bersyukur punya kesempatan untuk belajar berpikir dengan merdeka belajar melepas diri menuju pribadi yang merdeka walaupun sampai saat ini jatuh bangun untuk itu","CEO"
"364",364,"kebayang serunya diskusi diskusi di kelas tentang bagaimana menjembatani iman dan ilmu serunya diskusi topik yang mungkin tabu dibahas di tempat lain serunya belajar menemukan makna bekerja","CEO"
"365",365,"sebagai anak yang selalu memberontak dari kecil sma ini semacam surga pendidikan yang bebas dari segala penjejalan dogmatis","CEO"
"366",366,"detachment adalah lawan kata dari possesive attachment","CEO"
"367",367,"hidup itu adalah perjalanan menuju pulang di mana tidak ada benda fisik yang akan kita bawa serta","CEO"
"368",368,"perjalanan menuju pulang adalah perjalanan melepas satu per satu yang dititipkan ke kita sehingga pada saat kita pulang tidak ada yang menahan kita untuk bisa bebas lepas kembali","CEO"
"369",369,"mengosongkan diri adalah perjalanan menuju kepenuhan","CEO"
"370",370,"semua hal yang ada pada kita saat ini hanyalah titipan sesaat yang mungkin lenyap satu hari","CEO"
"371",371,"jabatan harta bahkan kedekatan emosional bukanlah hal yang abadi","CEO"
"372",372,"pandemi ini mengingatkan kita akan ketidakabadian hal hal tersebut","CEO"
"373",373,"pekerjaan dan pendapatan bisa lenyap dalam hitungan hari","CEO"
"374",374,"pelukan dan kedekatan fisik yang biasanya adalah sesatu yang tidak banyak orang syukuri tiba tiba menjadi barang langka yang sangat berharga","CEO"
"375",375,"di masa lalu kesempatan untuk berkumpul bersama di kantor bagi sebagian orang bukanlah hal yang disyukuri bahkan kadang dirasa sebagai beban hingga kesempatan untuk bisa bekerja dari rumah dirasa sebagai suatu kemewahan","CEO"
"376",376,"hari hari ini banyak yang merindukan kesempatan untuk bisa berkumpul kembali di kantor","CEO"
"377",377,"sebelum vaksin ditemukan ancaman gelombang gelombang pandemi selanjutnya akan selalu mengintai dan pembatasan jarak di tempat kerja akan menyebabkan kesempatan berkumpul di kantor sebebas dulu akan tetap menjadi barang langka","CEO"
"378",378,"pandemi ini memberikan kesempatan untuk belajar bebas lepas dari kelekatan","CEO"
"379",379,"sampai saat ini saya selalu membiasakan diri untuk mengerjakan sendiri beberapa pekerjaan rumah seperti mengepel dan mencuci piring","CEO"
"380",380,"di kantor kami membiasakan diri untuk memisahkan sendiri sisa sisa makanan dan mengembalikan sendiri piring kotor pada tempatnya tanpa memandang jabatan","CEO"
"381",381,"hal yang kelihatan sepele tapi selalu menjadi pengingat menuju kekosongan","CEO"
"382",382,"satu hari ketika jabatan itu berlalu atau ketika roda berputar ke bawah kita akan melewatinya dengan lebih mudah dan bahagia karena ketika roda berputar ke atas ataupun ke bawah semua hanya masalah pergerakan hidup semata","CEO"
"383",383,"kita tetap bisa bahagia dan menuju kepenuhan","CEO"
"384",384,"di hari waisak murid murid budha memperingati peristiwa kelahiran pencapaian pencerahan yang sempurna dan kematian sang budha gautama","CEO"
"385",385,"pencerahan yang mengajarkan cara melepaskan diri dari kelekatan mengosongkan diri untuk menuju kebahagiaan sempurna","CEO"
"386",386,"selamat hari waisak","CEO"
"387",387,"isikan data di bawah atau klik salah satu ikon untuk log in you are commenting using your word press 2","CEO"
"388",388,"com account 8","CEO"
"389",389,"logout ubah you are commenting using your google account 7","CEO"
"390",390,"x logout ubah you are commenting using your twitter account 3","CEO"
"391",391,"logout ubah you are commenting using your facebook account 7","CEO"
"392",392,"logout ubah connecting to percent s beri tahu saya komentar baru melalui email 5","CEO"
"393",393,"beritahu saya pos pos baru lewat surat elektronik 8","CEO"
"394",394,"c tidak banyak hari yang secara tradisi dirayakan bersama oleh berbagai bangsa dan beragam aliran ideologi","CEO"
"395",395,"hari ini adalah salah satunya","CEO"
"396",396,"may day hari libur 1 mei ini dirayakan di berbagai negara sebagai hari buruh atau international worker s day yang punya sejarah dekat dengan gerakan sosialis dan gerakan kiri","CEO"
"397",397,"buat umat katolik 1 mei ini adalah salah satu hari perayaan penting bukan hanya sebagai pembuka bulan maria yang telah dirayakan sejak abad ke 18 tapi juga perayaan suami bunda maria st","CEO"
"398",398,"yusuf pekerja dan perayaan hari nabi yeremia dalam bahasa arab aramiya yang dihormati dalam agama yahudi kristen maupun islam","CEO"
"399",399,"namun jauh sebelum itu may day adalah tradisi panjang festival menyambut datangnya musim semi di berbagai area eropa sejak era romawi festival floralia untuk menghormati dewi bunga","CEO"
"400",400,"sejarah terus berjalan may day tetap abadi dengan penambahan dan persaingan makna seiring berjalannya waktu","CEO"
"401",401,"kerusuhan haymarket chicago di mei 1886 yang bermula dari demonstrasi buruh menjadi titik awal peringatan hari buruh yang menambah merubah makna may day sebagai festival musim semi","CEO"
"402",402,"melawan gerakan kiri yang makin meluas di tahun 1955 paus pius xii menetapkan 1 mei sebagai perayaan st","CEO"
"403",403,"yusuf pekerja tukang kayu dari nazareth memperingati hari buruh dalam perspektif katolik sebagaimana telah dimulai jauh sebelumnya oleh paus leo xiii dengan mengeluarkan ensiklik rerum novarum rights and duties of capital and labor ajaran yang menolak koumnisme tapi sekaligus menolak kapitalisme yang tak berbatas","CEO"
"404",404,"may adalah kata harapan dalam bahasa inggris","CEO"
"405",405,"may adalah kata pemula doa untuk kebaikan","CEO"
"406",406,"sama seperti nabi yeremia yang menyuarakan harapan untuk kembali ke jalan kebenaran may adalah harapan untuk kebaikan yang lebih memihak suara suara pihak yang lebih tidak berdaya","CEO"
"407",407,"khusus tahun ini may adalah harapan untuk hari yang lebih baik di tengah pandemi ini","CEO"
"408",408,"saat ini perusahaan perusahaan berlomba lomba berbuat kebaikan baik karena tuntutan public relation karena persepsi konsumen ataupun pencari kerja yang makin menghargai perusahaan yang konsisten berbuat kebaikan maupun karena lahirnya pemimpin era baru yang terpanggil untuk memimpin perusahaannya menjadi sumber kebaikan bagi banyak pihak","CEO"
"409",409,"namun seringkali perusahaan lupa bahwa sebaik baiknya perusahaan adalah perusahaan yang bermanfaat bagi pekerjanya","CEO"
"410",410,"seringkali perusahaan sibuk melakukan berbagai program corporate social responsibilty csr tapi melupakan bahwa salah satu tanggung jawab sosial tersebut adalah tanggung jawab sosial terhadap karyawannya","CEO"
"411",411,"di saat saat sulit di tengah pandemi ini salah satu tanggung jawab besar perusahaan adalah bagaimana menyelamatkan kapalnya sekuat kuatnya tanpa perlu membuang satu pun penumpangnya ke tengah laut yang tengah berbadai","CEO"
"412",412,"sekoci sekuat apapun belum tentu akan bisa menyelamatkan bila dilarungkan ke tengah badai yang mengamuk","CEO"
"413",413,"di tengah badai yang memabukkan penumpangnya tabungan tabungan jangka panjang perlu dikeluarkan untuk menguatkan penumpangnya","CEO"
"414",414,"semoga para investor belajar berpikir jangka panjang belajar berbuat kebaikan dengan menghargai dan tidak menghukum pengelola yang berusaha menyelamatkan manusia manusia di dalam kapalnya walaupun harus mengorbankan keuntungan jangka pendek","CEO"
"415",415,"semoga satu hari para ahli keuangan dapat memvaluasi nilai kebaikan yang dilakukan pengelola perusahaan dalam valuasi nilai perusahaan karena kalau kita percaya bahwa pekerja adalah salah satu aset paling penting maka kebaikan yang dilakukan terhadap para pekerja adalah investasi yang berharga","CEO"
"416",416,"selamat merayakan hari buruh","CEO"
"417",417,"truly i tell you whatever you did for one of the least of these brothers and sisters of mine you did for me","CEO"
"418",418,"matthew 25 40 dengan segala bentuk dedikasi dan kerja keras yg dilakukan semoga semua bisa bermanfaat bagi semua dan may adalah sebuah harapan harapan untuk segera berlalu masa pandemi ini","CEO"
"419",419,"suka suka trimakasih sudah mempertahankan kami kami akan selalu berusaha melakukan yang terbaik untuk nutrifood ditengah pandemi ini","CEO"
"420",420,"trimakasih sudah menginspirasi dan membangkitkan semangat kami love u nutrifoodku","CEO"
"421",421,"x 2","CEO"
"422",422,"jaya selalu rumah keduaku suka suka terima kasih nfi dalam keadaan seperti ini masih bisa mempertahankan kita sebagai karyawan aku tahu itu tidaklah mudah","CEO"
"423",423,"x 3","CEO"
"424",424,"semakin aku yakin nfi adalah rumah ke 2 dan bukan hanya hubungan antara atasan dan karyawan tapi sudah sebagai keluarga","CEO"
"425",425,"x 4","CEO"
"426",426,"di mana sebisa mungkin satu sama lain saling menjaga di saat apapun aku yakin nfi akan selalu sukses di saat kondisi apapun krna mempunyai banyak keluarga di dalam nya love u nfi karna telah memanusiakan manusia suka suka terima kasih pak","CEO"
"427",427,"x 5","CEO"
"428",428,"saya sangat bahagia bekerja pada perusahaan yang sangat bermartabat dan baik hati","CEO"
"429",429,"hormat saya kepada founder bapak dan seluruh direksi yan telah menjadikan rumah ini menjadi rumah kedua yan penuh harmoni","CEO"
"430",430,"suka suka isikan data di bawah atau klik salah satu ikon untuk log in you are commenting using your word press","CEO"
"431",431,"com account 9","CEO"
"432",432,"logout ubah you are commenting using your google account 8","CEO"
"433",433,"logout ubah you are commenting using your twitter account 6","CEO"
"434",434,"logout ubah you are commenting using your facebook account 8","CEO"
"435",435,"x logout ubah connecting to percent s beri tahu saya komentar baru melalui email 4","CEO"
"436",436,"beritahu saya pos pos baru lewat surat elektronik 9","CEO"
"437",437,"c national museum of qatar di penghujung trip terakhir saya di bulan februari saya mengalami hal yang kurang beruntung","CEO"
"438",438,"seharusnya trip saya dari azerbaijan akan berlanjut ke georgia dan armenia lewat jalan darat","CEO"
"439",439,"entah kenapa dari perencanaan sebelumnya sudah merasakan akan ada yang tidak lancar nantinya","CEO"
"440",440,"akhirnya kekhawatiran tersebut terjadi","CEO"
"441",441,"saya tidak bisa melintas lewat jalan darat dan harus segera merubah rencana","CEO"
"442",442,"sempat sedih juga karena rencana perjalanan yang tersisa jadi berantakan dan beberapa biaya terlanjur sudah dikeluarkan termasuk tiket pesawat pulang","CEO"
"443",443,"dalam kondisi seperti inilah penting sekali untuk bisa mempertahankan sikap positif untuk secara jernih mengambil pilihan yang ada dan membalikkan kemalangan menjadi keberuntungan","CEO"
"444",444,"akhirnya setelah menjajaki beberapa alternatif yang ada saya membeli tiket baru dan memutuskan untuk merubah perjalanan ke qatar yang tidak memerlukan visa","CEO"
"445",445,"saya beruntung dapat last minute discount yang lumayan dari satu tempat penginapan yang cukup bagus dan dapat last minute ticket yang harganya cukup masuk akal","CEO"
"446",446,"berangkatlah saya ke doha qatar dan menikmati dua hari yang menyenangkan dengan menjelajahi museum museum di sana","CEO"
"447",447,"saya beruntung bisa belajar dari national museum of qatar tentang sejarah qatar yang membangun diri dari satu area kecil yang kurang diperhitungkan menjadi negara dengan pendapatan per kapita paling tinggi di dunia","CEO"
"448",448,"saya beruntung bisa menikmati berbagai peninggalan peradaban islam dari berbagai area di dunia dan dari berbagai abad di museum of islamic art doha","CEO"
"449",449,"saya beruntung saya terhindar dari riuhnya pembatasan penerbangan dan penutupan perbatasan antar negara sehubungan dengan pandemi covid 19 yang berlangsung beberapa minggu kemudian","CEO"
"450",450,"seandainya saya masih berlanjut dengan rencana perjalanan semula mungkin akan lebih banyak masalah yang akan saya hadapi seperti risiko terinfeksi virus tersebut atau kesulitan mendapatkan tiket pulang sehubungan pembatasan penerbangan","CEO"
"451",451,"pada saat perjalanan di negara negara yang saya lalui belum ada kasus positif covid 19 yang terindentifikasi","CEO"
"452",452,"walaupun gagal menjelajahi georgia dan armenia saya tetap beruntung bisa menikmati perubahan rencana tersebut","CEO"
"453",453,"islamic art museum doha salah satu kegagalan lain dalam hidup saya adalah gagal mendapatkan beasiswa untuk melanjutkan pendidikan pasca sarjana di luar negeri hampir setahun setelah lulus sarjana","CEO"
"454",454,"saat itu saya tidak begitu berminat bekerja di perusahaan","CEO"
"455",455,"mendengarkan cerita cerita suram pengalaman bekerja di perusahaan membuat saya mengambil kesimpulan bahwa perusahaan bukan tempat untuk saya berkarya","CEO"
"456",456,"yang saya dengarkan saat itu adalah perusahaan adalah entitas di mana persaingan mengalahkan pertemanan uang mengalahkan idealisme otak mengalahkan hati","CEO"
"457",457,"terlalu gelap menghabiskan hidup di ruang itu","CEO"
"458",458,"saya ingin jadi pengajar jadi peneliti","CEO"
"459",459,"kegagalan untuk mendapatkan beasiswa untuk melanjutkan pendidikan pasca sarjana menjadi pukulan yang merubah jalan hidup","CEO"
"460",460,"mungkin saya terlalu sombong untuk menapak di jalan yang saya anggap gelap itu","CEO"
"461",461,"mungkin tuhan memang ingin saya menapak di jalan itu untuk kebaikan yang belum saya pahami","CEO"
"462",462,"atas saran pembimbing saya terimakasih prof maggy thenawidjaja suhartono akhirnya saya mencoba menjajaki ruang ruang yang saya anggap gelap","CEO"
"463",463,"saya masih selalu penasaran apakah buku tuhan sedang merenda dengan nama samaran penulis b","CEO"
"464",464,"m","CEO"
"465",465,"thies sebenarnya adalah beliau sendiri bu mts","CEO"
"466",466,"kadang kita yang berada di bawah sulaman itu cuma bisa melihat ruwetnya alur alur benang dari bagian bawah sulaman sementara sang penyulam sedang menyulam karya yang luar biasa bila dilihat dari atas","CEO"
"467",467,"akhirnya saya mendarat di perusahaan yang saya sebut rumah kedua hingga sekarang","CEO"
"468",468,"setahun kemudian saya berhasil mendapatkan beberapa tawaran beasiswa baik untuk bidang biologi molekuler termasuk di salah satu universitas terbaik cornell university maupun bidang manajemen","CEO"
"469",469,"pengalaman setahun berada di perusahaan memanggil saya menekuni jalan yang berbeda","CEO"
"470",470,"saya ingin belajar menemukan terang di ruang ruang yang saya sebut gelap sebelumnya","CEO"
"471",471,"saya ingin belajar membangun perusahaan di mana hati bisa berperan sepenting otak idealisme bisa diteguhkan di tengah kalkulasi profit dan pertemanan bisa dijalin di dunia yang katanya penuh persaingan","CEO"
"472",472,"saya memilih menekuni ilmu manajemen","CEO"
"473",473,"kehausan saya untuk menekuni ilmu ini di kemudian hari membawa saya menyelesaikan pendidikan doktoral untuk bidang ini dan menjelajahi topik number corporaterebel","CEO"
"474",474,"saya terkagum dengan tulisan tulisan gary hamel dalam buku bukunya yang sangat provokatif","CEO"
"475",475,"saya bersyukur bisa bertemu dengan beliau di singapore beberapa tahun yang lalu","CEO"
"476",476,"saya terkagum dengan buku conscious capitalism karya john mackey cofounder whole foods","CEO"
"477",477,"kehausan saya membawa saya mengikuti kuliah malam tentang filsafat di stf driyarkara","CEO"
"478",478,"dari romo herry priyono lewat filsafat ekonomi saya belajar mengenal amartya sen penerima nobel bidang ekonomi","CEO"
"479",479,"dari salah satu dosen idola saya dr","CEO"
"480",480,"karlina supelli saya belajar ide ide gerakan feminisme","CEO"
"481",481,"saya mencoba membangun jembatan antara berbagai ide itu dan ingin menuangkan dalam disertasi saya","CEO"
"482",482,"kendala lintas disiplin ilmu akhirnya membatasi apa yang bisa saya tuangkan dalam disertasi saya","CEO"
"483",483,"saya harus puas dengan memasukkan jiwa dari gagasan gagaasan tersebut dalam disertasi tanpa berhasil dibimbing secara langsung oleh promotor dari ilmu filsafat untuk disertasi di bidang ilmu manajemen","CEO"
"484",484,"kehausan saya untuk melihat lebih banyak perusahaan yang berani menyalakan terang tersebut membawa saya lebih rajin untuk berbagi gagasan tentang membangun tempat kerja yang lebih membuat orang orang bahagia yang lebih memanusiakan manusia","CEO"
"485",485,"with gary hamel di hari hari pandemi ini kita mungkin juga dihadapkan dengan berbagai masalah dan kegagalan","CEO"
"486",486,"sebagian orang dihadapkan dengan kegagalan untuk mempertahankan pekerjaan dan kondisi finansial kegagalan untuk bisa menjalani hidup dengan kondisi sebebas sebelunmya kegagalan untuk meneruskan berbagai rencana yang sudah disusun sebelumnya","CEO"
"487",487,"saya mengingatkan diri saya sendiri mungkin tuhan sedang membelokkan jalan kita untuk lebih menemukan nya dalam ketenangan dalam rutinitas baru yang sedang kita bangun","CEO"
"488",488,"saya mulai lagi menulis yang sudah saya tinggalkan beberapa tahun yang lalu","CEO"
"489",489,"hari hari yang mengurung berbagai kebebasan bisa kita ubah menjadi hari hari yang lebih menyenangkan dan bermanfaat asal kita berani memulai","CEO"
"490",490,"mulai menyapa orang orang yang jarang kita sapa yang mungkin butuh bantuan kita","CEO"
"491",491,"mulai lebih menjaga kesehatan kita dengan lebih memperhatikan nutrisi olahraga dan istirahat yang cukup","CEO"
"492",492,"lebih banyak hari yang bisa dilalui dengan tidur yang cukup","CEO"
"493",493,"dengan bantuan aplikasi fitify olahraga tetap teratur walaupun di rumah","CEO"
"494",494,"mulai menjelajahi rutinitas baru ternyata cukup mengasyikkan seperti menonton drama korea setiap malam sebelum tidur menguji kreativitas dengan menciptakan berbagai resep masakan baru","CEO"
"495",495,"jalan yang dibelokkan membawa banyak hal baru untuk dinikmati","CEO"
"496",496,"buat teman teman yang dengan bijak mengurungkan niatnya untuk mudik tahun ini semoga bisa menikmati hari raya nanti dalam pengalaman baru yang makin bermakna","CEO"
"497",497,"hari hari dengan social distancing masih panjang","CEO"
"498",498,"stay safe tetap semangat kata orang bijak","CEO"
"499",499,"x 6","CEO"
"500",500,"pandemic covid 19 ini sepertinya memaksa kita semua untuk meredifinisi ulang tata kehidupan yang kita jalani","CEO"
"501",501,"mulai dari tata hubungan antar manusia dan manusia dengan alam sekitarnya","CEO"
"502",502,"perlunya kebiasaan hidup bersih dan sehat pola kerja jarak jauh belajar jarak jauh dll yang memanfaatkan arus informasi yang makin mudah perlunya rasa kesetiakawanan sosial yang makin baik dorongan untuk terus berinovasi dengan tantangan baru yang tidak terpikirkan sebelumnya penilaian resiko yag lebih baik serta kebutuhan kedekan umat dengan tuhannya untuk mendapatkan kehidupan spiritual yang lebih baik","CEO"
"503",503,"suka suka isikan data di bawah atau klik salah satu ikon untuk log in you are commenting using your word press 2","CEO"
"504",504,"com account 10","CEO"
"505",505,"logout ubah you are commenting using your google account 9","CEO"
"506",506,"logout ubah you are commenting using your twitter account 7","CEO"
"507",507,"logout ubah you are commenting using your facebook account 9","CEO"
"508",508,"x logout ubah connecting to percent s beri tahu saya komentar baru melalui email 5","CEO"
"509",509,"beritahu saya pos pos baru lewat surat elektronik 10","CEO"
"510",510,"x 7","CEO"
