"","No","Nama Perusahaan","Merek Dagang","Kantor Pusat","Opsi","link"
"1",1,"PT. Abdi Ummat Wisata International","ATTIN TOUR","Jl. Lap. Tembak No. 39, Ciracas, Jakarta Timur, DKI Jakarta, 13720",NA,"https://himpuh.or.id/daftar-anggota/detail/3/pt-abdi-ummat-wisata-international"
"2",2,"PT. Adzikra","PT. Adzikra","Pusat Niaga Duta Mas Fatmawati Blok C 2 No. 11-12, Jl. Fatmawati Raya No. 39, Kebayoran Baru, Jakarta Selatan, DKI Jakarta, 12150",NA,"https://himpuh.or.id/daftar-anggota/detail/4/pt-adzikra"
"3",3,"PT. Aero Globe Indonesia","AEROHAJJ","Jl. Prajurit Kko Usman & Harun No. 32, Senen, Senen, Jakarta Pusat, DKI Jakarta, 10410",NA,"https://himpuh.or.id/daftar-anggota/detail/91/pt-aero-globe-indonesia"
"4",4,"PT. Aida Tourindo Wisata","AIDA TOURINDO WISATA","Jl. Cempaka Putih Tengah No. 33, Cempaka Putih, Jakarta Pusat, DKI Jakarta, 10510",NA,"https://himpuh.or.id/daftar-anggota/detail/1/pt-aida-tourindo-wisata"
"5",5,"PT. Al Ahram Sarana Wisata","AL AHRAM","Jl. Tebet Barat Ix No. 11, Tebet, Jakarta Selatan, DKI Jakarta, 12810",NA,"https://himpuh.or.id/daftar-anggota/detail/5/pt-al-ahram-sarana-wisata"
"6",6,"PT. Al Amanah","Al Amanah","Ruko Grand Flower A8 , Jl. Pasar Kembang No.4-6, Sawahan, Surabaya, Jawa Timur, -",NA,"https://himpuh.or.id/daftar-anggota/detail/355/pt-al-amanah"
"7",7,"PT. Al Amin Ahsan Travel","Alisan Tour & Travel","Graha Alisan, Jl. Asem Baris Raya No. 126/3, Kebon Baru, Tebet, Tebet, Jakarta Selatan, DKI Jakarta, 12830",NA,"https://himpuh.or.id/daftar-anggota/detail/195/pt-al-amin-ahsan-travel"
"8",8,"PT. Al Amin Mulia Lestari","DAQU TOUR & TRAVEL","Cbd Ciledug Blok A5 No. 21, Karang Tengah, Tangerang, Banten, 15157",NA,"https://himpuh.or.id/daftar-anggota/detail/2/pt-al-amin-mulia-lestari"
"9",9,"PT. Al Amsor Mubarokah","AMSOR TOUR","Jl. Duren Tiga Raya No. 101 Kav.a2, Cilandak, Jakarta Selatan, DKI Jakarta, 12760",NA,"https://himpuh.or.id/daftar-anggota/detail/145/pt-al-amsor-mubarokah"
"10",10,"PT. Al Fatihah Tour & Travel","AL-FATIHAH","Jl. Kalpataru 83 A, Lowokwaru, Malang, Jawa Timur, 65141",NA,"https://himpuh.or.id/daftar-anggota/detail/191/pt-al-fatihah-tour-travel"
"11",11,"PT. Al Haadi Ziarah Ampel","AZAM Tour & Travel","Rukan Rose Garden Galaxy City Jl. Rose Garden No. 69, Bekasi Selatan, Bekasi, Jawa Barat, 17147",NA,"https://himpuh.or.id/daftar-anggota/detail/331/pt-al-haadi-ziarah-ampel"
"12",12,"PT. Al Jamarat","PT. Al Jamatour","Jl. Siliwangi No. 63, Coblong, Bandung, Jawa Barat, 0",NA,"https://himpuh.or.id/daftar-anggota/detail/341/pt-al-jamarat"
"13",13,"PT. Al Jazirah Indonesia","JAZIRAH","Jl. Bintara Raya No. 1b, Babelan, Bekasi, Jawa Barat, 17134",NA,"https://himpuh.or.id/daftar-anggota/detail/259/pt-al-jazirah-indonesia"
"14",14,"PT. Al Madinah Citra International","AL MADINAH ACI TOUR & TRAVEL","City Of Tomorrow Mall Blok Gs.9/16 Jl. Ahmad Yani 288, Gayungan, Surabaya, Jawa Timur, 60234",NA,"https://himpuh.or.id/daftar-anggota/detail/94/pt-al-madinah-citra-international"
"15",15,"PT. Al Marhamah Cahaya Utama","ALMARHAMAH","Mt. Haryono Square Of 01/09, Jl. Otista Raya No. 390, Jatinegara, Jakarta Timur, DKI Jakarta, 13330",NA,"https://himpuh.or.id/daftar-anggota/detail/252/pt-al-marhamah-cahaya-utama"
"16",16,"PT. Al-Mahdar Tour","PT. AL-MAHDAR TRAVEL & TOURS","Jl. R.e. Martadinata Komp. Ruko Blok B, No. 5, Anjongan, Pontianak, Kalimantan Barat, 78113",NA,"https://himpuh.or.id/daftar-anggota/detail/6/pt-al-mahdar-tour"
"17",17,"PT. Al-shafwah Wisata Mandiri","AL-SHAFWAH WISATA MANDIRI","Gedung Selmis 2/12 Jl. Asem Baris Raya No. 52 Rt. 001/005, Tebet, Jakarta Selatan, DKI Jakarta, 12830",NA,"https://himpuh.or.id/daftar-anggota/detail/275/pt-al-shafwah-wisata-mandiri"
"18",18,"PT. Al-taif Saudi Wisata","AL TAIF TOUR","Jl. Dr. Saharjo Barkah No. 21b, Tebet, Jakarta Selatan, DKI Jakarta, 12860",NA,"https://himpuh.or.id/daftar-anggota/detail/147/pt-al-taif-saudi-wisata"
"19",19,"PT. Albadriyah Wisata","PT. ALBADRIYAH WISATA","Vinilon Building Jl. Raden Saleh No. 13-17 Cikini - Jakarta Pusat, Kenari, Senen, Senen, Jakarta Pusat, DKI Jakarta, 10430",NA,"https://himpuh.or.id/daftar-anggota/detail/93/pt-albadriyah-wisata"
"20",20,"PT. Alfalah Tours & Travel","ALFALAH TOURS & TRAVEL","Jl. Alfalah / Stm No. 12a, Medan Johor, Medan, Sumatera Utara, 20146",NA,"https://himpuh.or.id/daftar-anggota/detail/285/pt-alfalah-tours-travel"
"21",21,"PT. Alfida Tour & Travel","ALFIDA TOUR & TRAVEL","Jl. Dewi Sartika No. 321a, Kramat Jati, Jakarta Timur, DKI Jakarta, 13630",NA,"https://himpuh.or.id/daftar-anggota/detail/8/pt-alfida-tour-travel"
"22",22,"PT. Alfir Wisata Utama","ALFIR TOUR & TRAVEL","Jl. Taman Mahkam Pahlawan Kalibata No. 1, Pancoran, Jakarta Selatan, DKI Jakarta, 12760",NA,"https://himpuh.or.id/daftar-anggota/detail/148/pt-alfir-wisata-utama"
"23",23,"PT. Alhijaz Indowisata","PT. AL HIJAZ TOUR & TRAVEL (AIW)","Graha Alhijaz Lt. 3. Jl. Dewi Sartika,no.239 A, Kramat Jati, Jakarta Timur, DKI Jakarta, 13630",NA,"https://himpuh.or.id/daftar-anggota/detail/9/pt-alhijaz-indowisata"
"24",24,"PT. Alhijrah Mulia Wisata","AL-HIJRAH TOUR & TRAVEL","Gd. Utaka 66, Lantai 1, Ruang 101,  Jl. Utan Kayu Raya No. 66 B, Matraman, Jakarta Timur, DKI Jakarta, 13220",NA,"https://himpuh.or.id/daftar-anggota/detail/96/pt-alhijrah-mulia-wisata"
"25",25,"PT. Aliston Buana Wisata","Aliston Umroh","Perum Deltasari Indah Blok Ag No. 19 Kureksi, Sidoarjo, Waru, Sidoarjo, Jawa Timur, 61256",NA,"https://himpuh.or.id/daftar-anggota/detail/286/pt-aliston-buana-wisata"
"26",26,"PT. Alkhalid Jaya Megah","JAYA MEGAH TOUR","Jl. Panglima Polim Raya No. 21c, Kebayoran Baru, Jakarta Selatan, DKI Jakarta, 12160",NA,"https://himpuh.or.id/daftar-anggota/detail/198/pt-alkhalid-jaya-megah"
"27",27,"PT. Alqursi Wisata","ALQURSI WISATA","Jl. Jingga Menak No. 15 Kota Baru Parayangan, Padalarang, Bandung Barat, Jawa Barat, 40553",NA,"https://himpuh.or.id/daftar-anggota/detail/239/pt-alqursi-wisata"
"28",28,"PT. Alwan Zahira","ALWAN ZAHIRA","Jl. Am. Sangaji No. 2 Rt. 18, Samarinda Ilir, Samarinda, Kalimantan Timur, 75117",NA,"https://himpuh.or.id/daftar-anggota/detail/98/pt-alwan-zahira"
"29",29,"PT. Amanah Bersama Tour & Travel","AB TOUR","Jl. Raya Pabuaran No. 19-a Rt.03 Rw.03, Jati Sampurna, Bekasi, Jawa Barat, 17432",NA,"https://himpuh.or.id/daftar-anggota/detail/343/pt-amanah-bersama-tour-travel"
"30",30,"PT. Amara Tour & Travel","Amara Tours","Jl. Raya Kincan JatiBening II No. 38, Pondok Gede, Bekasi, Jawa Barat, 17412",NA,"https://himpuh.or.id/daftar-anggota/detail/287/pt-amara-tour-travel"
"31",31,"PT. Ambassador Tour & Travel","AMBASSADOR TOUR","Jl. Re. Martadinata No. 62, 78 A-b-c, Cikole, Sukabumi, Jawa Barat, 43111",NA,"https://himpuh.or.id/daftar-anggota/detail/134/pt-ambassador-tour-travel"
"32",32,"PT. An Cipta Wisata","AN CIPTA WISATA","Ruko Grand Centro Bintaro, No. A12, Jl. Kodam Bintaro, Pesanggrahan, Jakarta Selatan, Pesanggrahan, Jakarta Selatan, DKI Jakarta, 12320",NA,"https://himpuh.or.id/daftar-anggota/detail/321/pt-an-cipta-wisata"
"33",33,"PT. An-naba International (An Naba)","AN NABA","Mt. Haryono Square Of 1/9, Jatinegara, Jakarta Timur, DKI Jakarta, 13330",NA,"https://himpuh.or.id/daftar-anggota/detail/10/pt-an-naba-international-an-naba"
"34",34,"PT. Anamona Tour & Travel","PT. ANAMONA TOUR & TRAVEL","Jl. Inspeksi Saluran Kalimalang No. 4d Rt.004/004, Pondok Bambu, Duren Sawit, Jakarta Timur, Duren Sawit, Jakarta Timur, DKI Jakarta, 13430",NA,"https://himpuh.or.id/daftar-anggota/detail/202/pt-anamona-tour-travel"
"35",35,"PT. Ananda Dar Al Haromain","PT. ANANDA DAR AL HAROMAIN","Jl. Andi Djemma No. 63, Rappocini, Makassar, Sulawesi Selatan, 90222",NA,"https://himpuh.or.id/daftar-anggota/detail/240/pt-ananda-dar-al-haromain"
"36",36,"PT. Ananda Nurul Haromain (Anh)","ANANDA NURUL HAROMAIN ( ANH )","Jl. Landak Baru No.63, Rappocini, Makassar, Sulawesi Selatan, 90222",NA,"https://himpuh.or.id/daftar-anggota/detail/12/pt-ananda-nurul-haromain-anh"
"37",37,"PT. Andiarta Wisata","ANDIARTA WISATA","Graha Adpd. Jl. Buncit Raya No. 101, Pasar Minggu, Jakarta Selatan, DKI Jakarta, 12510",NA,"https://himpuh.or.id/daftar-anggota/detail/13/pt-andiarta-wisata"
"38",38,"PT. Anmar Binawisata","ANMAR BINAWISATA","Jl. Ap Pettarani No. 42 D, Panakkukang, Makassar, Sulawesi Selatan, 90232",NA,"https://himpuh.or.id/daftar-anggota/detail/14/pt-anmar-binawisata"
"39",39,"PT. Annatama Purna","PT. ANNATAMA PURNA","Gedung Mt. Haryono Square Lt 1/21, Jl. Otista Raya No. 390, Jatinegara, Jakarta Timur, DKI Jakarta, 13330",NA,"https://himpuh.or.id/daftar-anggota/detail/15/pt-annatama-purna"
"40",40,"PT. Anneeva Mulya Wisata (amw)","AMW","Pondok Modern Tazakka, Jl. Tazakka No. 2, Bandar, Batang, Jawa Tengah, 51254",NA,"https://himpuh.or.id/daftar-anggota/detail/272/pt-anneeva-mulya-wisata-amw"
"41",41,"PT. Annur Maarif","An Nur Maarif","Jl. Ganggawa No. 78, Maritengngae, Sidenreng Rappang/Rapang, Sulawesi Selatan, 90243",NA,"https://himpuh.or.id/daftar-anggota/detail/11/pt-annur-maarif"
"42",42,"PT. Anugerah Citra Mulia","ANUGERAH WISATA","Cervino Village Apartment, Mezzanine Unit C. Jl. Kh. Abdullah Syafe'i Kav.27 Rt.18/01 Casablanca, Tebet, Jakarta Selatan, DKI Jakarta, 12810",NA,"https://himpuh.or.id/daftar-anggota/detail/17/pt-anugerah-citra-mulia"
"43",43,"PT. Anugerah Quba Mandiri","AQM Tour","Jl. S. Parman No. 17 Tanah Fatah, Ratu Agung, Ratu Agung, Bengkulu, Bengkulu, 38224",NA,"https://himpuh.or.id/daftar-anggota/detail/276/pt-anugerah-quba-mandiri"
"44",44,"PT. Anugerah Zarfin Tour & Travel","ANUGERAH ZARFIN TOUR & TRAVEL","Jl. Kol. Burlian Km. 6 No. 4, Alang-Alang Lebar, Palembang, Sumatera Selatan, 30151",NA,"https://himpuh.or.id/daftar-anggota/detail/288/pt-anugerah-zarfin-tour-travel"
"45",45,"PT. Arfina Margi Wisata","AL AZHAR TOUR & TRAVEL","Jl. Ciledug Raya No. 123a, Kebayoran Lama, Jakarta Selatan, DKI Jakarta, 12230",NA,"https://himpuh.or.id/daftar-anggota/detail/99/pt-arfina-margi-wisata"
"46",46,"PT. Arhas Bugis Tour & Travel","ARHAS TRAVEL","Jl. Lingkar Luar Kamal Raya, Mall Taman Palem Ruko 26, Cengkareng, Cengkareng, Jakarta Barat, DKI Jakarta, 11730",NA,"https://himpuh.or.id/daftar-anggota/detail/345/pt-arhas-bugis-tour-travel"
"47",47,"PT. Arie Tour & Travel","ARIE TOUR & TRAVEL","Jl. Chairil Anwar Blok B No. 12, Babelan, Bekasi, Jawa Barat, 17113",NA,"https://himpuh.or.id/daftar-anggota/detail/203/pt-arie-tour-travel"
"48",48,"PT. Armada Safari Suci","SAFARI SUCI","Jl. Taman Ciarum No. 11, Arjasari, Bandung, Jawa Barat, 40115",NA,"https://himpuh.or.id/daftar-anggota/detail/19/pt-armada-safari-suci"
"49",49,"PT. Armina Mabror","PT. ARMINA MABROR","Jl. Imam Bonjol No. 76, Sanan Wetan, Blitar, Jawa Timur, 43228",NA,"https://himpuh.or.id/daftar-anggota/detail/294/pt-armina-mabror"
"50",50,"PT. Arnussaid Tour & Travel","ARNUSSA TOUR","Jl. Bendungan Hilir Iv No. 18, Tanah Abang, Jakarta Pusat, DKI Jakarta, 10210",NA,"https://himpuh.or.id/daftar-anggota/detail/149/pt-arnussaid-tour-travel"
"51",51,"PT. Arrayyan Utama","ARRAYYAN UTAMA","Wisma Bsg Jl. Abdul Muis No. 40, Gambir, Jakarta Pusat, DKI Jakarta, 10160",NA,"https://himpuh.or.id/daftar-anggota/detail/21/pt-arrayyan-utama"
"52",52,"PT. Arrehlah Wisata","ARREHLAH","Jl. Gamelan No. 2 Rt. 034, Palaran, Samarinda, Kalimantan Timur, 75242",NA,"https://himpuh.or.id/daftar-anggota/detail/100/pt-arrehlah-wisata"
"53",53,"PT. Arston Pesona Indonesia","ARSTON TOUR & TRAVEL","Jl.rc. Veteran Raya No. 6, Pesanggrahan, Jakarta Selatan, DKI Jakarta, 12330",NA,"https://himpuh.or.id/daftar-anggota/detail/204/pt-arston-pesona-indonesia"
"54",54,"PT. Arwaniyyah Tour & Travel","ARWANIYYAH TOUR & TRAVEL","Jl. Sunan Kudus No. 237 A Janggalan, Kudus Kota, Kudus, Jawa Tengah, 59315",NA,"https://himpuh.or.id/daftar-anggota/detail/277/pt-arwaniyyah-tour-travel"
"55",55,"PT. As Syifa Prima Jannah","ASY SYIFA","Jl. RM. Hartsono No. 73, Pasar Minggu, Jakarta Selatan, DKI Jakarta, 12550",NA,"https://himpuh.or.id/daftar-anggota/detail/357/pt-as-syifa-prima-jannah"
"56",56,"PT. As-salam Mulya Al-haromain","PT. AS-SALAM MULYA AL-HAROMAIN","Jl. Ciputat Raya No. 4a, Kebayoran Lama, Jakarta Selatan, DKI Jakarta, 12240",NA,"https://himpuh.or.id/daftar-anggota/detail/101/pt-as-salam-mulya-al-haromain"
"57",57,"PT. As-shodiqiyyah Haji & Umrah","AS-SHODIQIYYAH","Jl. Sawah Besar Timur No. 99, Ambarawa, Semarang, Jawa Tengah, 50163",NA,"https://himpuh.or.id/daftar-anggota/detail/278/pt-as-shodiqiyyah-haji-umrah"
"58",58,"PT. As-syirbani Mandiri Wisata (samawa Tour)","SAMAWA TOUR","Jl. Asem Baris Raya No. 8c, Tebet, Jakarta Selatan, DKI Jakarta, 12830",NA,"https://himpuh.or.id/daftar-anggota/detail/150/pt-as-syirbani-mandiri-wisata-samawa-tour"
"59",59,"PT. Asankaloka Riapindo","ASANKALOKA RIAPINDO","Jl. Raya Veteran No. 3d, Arjawinangun, Cirebon, Jawa Barat, 45123",NA,"https://himpuh.or.id/daftar-anggota/detail/271/pt-asankaloka-riapindo"
"60",60,"PT. Asia Utama Wisata","ASIATOUR","Jl. Ciputat Raya No. 4B, Kebayoran Lama, Jakarta Selatan, DKI Jakarta, 12240",NA,"https://himpuh.or.id/daftar-anggota/detail/22/pt-asia-utama-wisata"
"61",61,"PT. Assami Ananda Tours","ANANDA TOUR","Jl. Raya Condet No. 2c Rt.005/003, Kramat Jati, Jakarta Timur, DKI Jakarta, 13530",NA,"https://himpuh.or.id/daftar-anggota/detail/263/pt-assami-ananda-tours"
"62",62,"PT. Asyla Fatimah Wisata","ASYLA TOUR AND TRAVEL","Jl. Gatot Subroto No. 42, Pasar Jambi, Jambi, Jambi, 36123",NA,"https://himpuh.or.id/daftar-anggota/detail/324/pt-asyla-fatimah-wisata"
"63",63,"PT. Attaqwa Garuda Insani","ATTAQWA TOUR","Wijaya Grand Centre Blok E/5, Jl. Wijaya Ii, Kebayoran Baru, Jakarta Selatan, DKI Jakarta, 12160",NA,"https://himpuh.or.id/daftar-anggota/detail/102/pt-attaqwa-garuda-insani"
"64",64,"PT. Attin Tur","Attin Tur","Jl. Raya Hankam No.36 Rt. 007 Rw. 013, Pondok Melati, Bekasi, Jawa Barat, 17141",NA,"https://himpuh.or.id/daftar-anggota/detail/358/pt-attin-tur"
"65",65,"PT. Avianca Muliatama","AMANAH MULIA UMRAH & HAJJ SERVICE","Jl. Jend. Basuki Rahmat No. 25, Jatinegara, Jakarta Timur, DKI Jakarta, 13410",NA,"https://himpuh.or.id/daftar-anggota/detail/103/pt-avianca-muliatama"
"66",66,"PT. Awana Tours & Travel","AWANA TRAVEL","Jl. Pelita No. 2-g, Kebayoran Lama, Jakarta Selatan, DKI Jakarta, 12240",NA,"https://himpuh.or.id/daftar-anggota/detail/104/pt-awana-tours-travel"
"67",67,"PT. Bahtera Nurani Pratama (Nurani Tour & Travel)","NURANI TOUR & TRAVEL","Jl. Depati Hamzah Rt.009/002, Bukit Intan, Pangkal Pinang, Bangka Belitung, 33147",NA,"https://himpuh.or.id/daftar-anggota/detail/105/pt-bahtera-nurani-pratama-nurani-tour-travel"
"68",68,"PT. Balda Citra Mandiri","BALDA HAJI & UMRAH","Jl. Wijaya I No. 8, Kebayoran Baru, Jakarta Selatan, DKI Jakarta, 12170",NA,"https://himpuh.or.id/daftar-anggota/detail/25/pt-balda-citra-mandiri"
"69",69,"PT. Bangun Ummat Sejahtera","BUS TOUR & TRAVEL","Jl. Untung Suropati No. 16 Lasem Rembang Jawa Tengah, Rembang, Rembang, Jawa Tengah",NA,"https://himpuh.or.id/daftar-anggota/detail/356/pt-bangun-ummat-sejahtera"
"70",70,"PT. Baraya Kharisma Jaya","BARAYA TOUR","Jl. Rereng Adumanis No. 6-b, Arjasari, Bandung, Jawa Barat, 40123",NA,"https://himpuh.or.id/daftar-anggota/detail/151/pt-baraya-kharisma-jaya"
"71",71,"PT. Basmah Aryo Wisata (basmah Tour)","BASMAH TOUR","Graha Mas Fatmawati Blok A 31, Kebayoran Baru, Jakarta Selatan, DKI Jakarta, 12150",NA,"https://himpuh.or.id/daftar-anggota/detail/152/pt-basmah-aryo-wisata-basmah-tour"
"72",72,"PT. Batemuri Tour & Travel","Batemuri Tours","Gedung Menara Hijau Lt. 3 Ruang 304, Jl. Mt. Haryono Kav.3, Pancoran, Jakarta Selatan, DKI Jakarta, 12770",NA,"https://himpuh.or.id/daftar-anggota/detail/212/pt-batemuri-tour-travel"
"73",73,"PT. Bayuaji Dunia Wisata","BAYUAJI TOUR","Gedung Wisma Bayuaji Lt. 4 Jl. Gandaria Iii No. 44 Kramat Pela, Kebayoran Baru, Kebayoran Baru, Jakarta Selatan, DKI Jakarta, 12130",NA,"https://himpuh.or.id/daftar-anggota/detail/213/pt-bayuaji-dunia-wisata"
"74",74,"PT. Bimalyndo Hajar Aswad","RIZKIA TOUR & TRAVEL","Jl. Adinegoro No. 15, Koto Tangah, Padang, Sumatera Barat, 25173",NA,"https://himpuh.or.id/daftar-anggota/detail/279/pt-bimalyndo-hajar-aswad"
"75",75,"PT. Bina Cipta Sarana Utama","Bina Umroh","Komplek Surapati Core Kav M-29 Jl. Phh Mustofa No. 39 Rt. 03/10, Arjasari, Bandung, Jawa Barat, 40192",NA,"https://himpuh.or.id/daftar-anggota/detail/334/pt-bina-cipta-sarana-utama"
"76",76,"PT. Bina Kreasi Pesona Selaras","BINA WISATA","Jl. Palbatu Raya No. 6 Casablanca No. 6 Rt. 001/rw. 004, Tebet, Jakarta Selatan, DKI Jakarta, 12810",NA,"https://himpuh.or.id/daftar-anggota/detail/153/pt-bina-kreasi-pesona-selaras"
"77",77,"PT. Biro Perjalanan Umum Dayakindo Kalimantan Utama","DKU","Jl. Panglima Batur, Komp. Citra Niaga Blok A/11, Samarinda Kota, Samarinda, Kalimantan Timur, 75111",NA,"https://himpuh.or.id/daftar-anggota/detail/27/pt-biro-perjalanan-umum-dayakindo-kalimantan-utama"
"78",78,"PT. Biro Perjalanan Wisata Cordova Abila","PT. CORDOVA ABILA Travel","Jl. Kemang Timur Raya No. 48, Mampang Prapatan, Jakarta Selatan, DKI Jakarta, 12730",NA,"https://himpuh.or.id/daftar-anggota/detail/215/pt-biro-perjalanan-wisata-cordova-abila"
"79",79,"PT. Biro Perjalanan Wisata Fattur","PT. FATTUR TOUR & TRAVEL","Jl. Matraman No. 16a, Senen, Jakarta Pusat, DKI Jakarta, 10430",NA,"https://himpuh.or.id/daftar-anggota/detail/33/pt-biro-perjalanan-wisata-fattur"
"80",80,"PT. Biro Perjalanan Wisata Hudaya Safari","HUDAYA SAFARI TRAVEL","Gedung Menara Da'wah, Jl. Kramat Raya No. 45, Senen, Jakarta Pusat, DKI Jakarta, 10450",NA,"https://himpuh.or.id/daftar-anggota/detail/161/pt-biro-perjalanan-wisata-hudaya-safari"
"81",81,"PT. Biro Perjalanan Wisata Neekoi","NEEKOI WISATA","Komp. Ruko Ratna Asri Residence No. 1 Jl. Raya Dr. Ratna, Babelan, Bekasi, Jawa Barat, 17422",NA,"https://himpuh.or.id/daftar-anggota/detail/54/pt-biro-perjalanan-wisata-neekoi"
"82",82,"PT. Biro Perjalanan Wisata Proconfo (Proin)","PROIN TRAVEL","Jl. Rs Fatmawati No. 15 Komplek Golden, Cilandak, Jakarta Selatan, DKI Jakarta, 12420",NA,"https://himpuh.or.id/daftar-anggota/detail/59/pt-biro-perjalanan-wisata-proconfo-proin"
"83",83,"PT. Blang Ponte Tours & Travel","BLANG PONTE TOURS","Gedung Daniprisma Lt.2, Jl. Sultan Hasanuddin No. 47-48, Kebayoran Baru, Jakarta Selatan, DKI Jakarta, 12160",NA,"https://himpuh.or.id/daftar-anggota/detail/219/pt-blang-ponte-tours-travel"
"84",84,"PT. Blocking Ticket Center","Al A'raf Travel","Jl. Buncit Raya No. 10.c Pejaten Pasar Minggu, Pasar Minggu, Jakarta Selatan, DKI Jakarta, 12510",NA,"https://himpuh.or.id/daftar-anggota/detail/221/pt-blocking-ticket-center"
"85",85,"PT. Bobinsa Surabaya Jaya","Bobinsa Tour","Jl. Basuki Rahmat No. 12, Cipinang Muara, Tebet, Jakarta Selatan, DKI Jakarta, 12840",NA,"https://himpuh.or.id/daftar-anggota/detail/359/pt-bobinsa-surabaya-jaya"
"86",86,"PT. Bpw Alhaadi Ziarah Andalas","AZA Tour","Jl. Jenderal Sudirman No. 18 A Rt. 02/vi, Abiansemal, Badung, Bali, 0",NA,"https://himpuh.or.id/daftar-anggota/detail/289/pt-bpw-alhaadi-ziarah-andalas"
"87",87,"PT. BPW Rezki International Indonesia","Simply Travel","Jl. Lingkar Palem Semi Ruko CBD Palem Semi No. 11, Balaraja, Tangerang, Banten, 15139",NA,"https://himpuh.or.id/daftar-anggota/detail/339/pt-bpw-rezki-international-indonesia"
"88",88,"PT. Bpw Riyal Tunggal","RAGATOURS","Jl. A. Yani Km. 4,700 No. 407 Kebun Bunga Banjarmasin Timur, Banjarmasin Tengah, Banjarmasin, Kalimantan Selatan, 70235",NA,"https://himpuh.or.id/daftar-anggota/detail/63/pt-bpw-riyal-tunggal"
"89",89,"PT. Bumi Nata Wisata","BUMI NATA WISATA","Jl. Tukad Pakerisan No. 68, Denpasar Selatan, Denpasar, Bali, 80225",NA,"https://himpuh.or.id/daftar-anggota/detail/291/pt-bumi-nata-wisata"
"90",90,"PT. Cahaya Anugrah Al Mawadah","INTANAYA HAJI UMRAH","Jl. Puri Jambangan Baru Iii No.8, Jambangan, Jambangan, Surabaya, Jawa Timur, 60232",NA,"https://himpuh.or.id/daftar-anggota/detail/274/pt-cahaya-anugrah-al-mawadah"
"91",91,"PT. Cahaya Cordoba Utama","CORMA","Jl. Komplek Surapati Core Blok. Anggrek Boulevard No. 35 Rt. 004/001, Cibeunying Kidul, Bandung, Jawa Barat, 40214",NA,"https://himpuh.or.id/daftar-anggota/detail/335/pt-cahaya-cordoba-utama"
"92",92,"PT. Cahaya Selaras Sejati","CAHAYA SEJATI TOUR","Rukko Sastra Plaza Blok A No. 17, Jl. Gatot Subroto Km 5,4, Balaraja, Tangerang, Banten, 15134",NA,"https://himpuh.or.id/daftar-anggota/detail/303/pt-cahaya-selaras-sejati"
"93",93,"PT. Cakra Mandiri Utama","CAKRA TOUR","Jl. Diponegoro No. 39, Wonokromo, Surabaya, Jawa Timur, 60241",NA,"https://himpuh.or.id/daftar-anggota/detail/155/pt-cakra-mandiri-utama"
"94",94,"PT. Caraka Wisata Tour","CARAKA WISATA","Jl. Jati Baru Raya No. 56a, Gambir, Jakarta Pusat, DKI Jakarta, 10150",NA,"https://himpuh.or.id/daftar-anggota/detail/106/pt-caraka-wisata-tour"
"95",95,"PT. Centig Tour Wisata","CENTIG TOUR","Rasuna office Park unit ZO-07, Setia Budi, Jakarta Selatan, DKI Jakarta, 12940",NA,"https://himpuh.or.id/daftar-anggota/detail/222/pt-centig-tour-wisata"
"96",96,"PT. Ceria Patria Wisata","Ceria Tours","Jl. Cempaka Putih Raya No.25, Cempaka Putih, Jakarta Pusat, DKI Jakarta, 10520",NA,"https://himpuh.or.id/daftar-anggota/detail/107/pt-ceria-patria-wisata"
"97",97,"PT. Chandragama Muda","PT. CHANDRAGAMA MUDA","Jl. Taman Citra Garden 2 Blok H-1/28, Pegadungan, Kalideres, Jakarta Barat, DKI Jakarta, 11830",NA,"https://himpuh.or.id/daftar-anggota/detail/223/pt-chandragama-muda"
"98",98,"PT. Citra Wisata Dunia","CWD TOUR & TRAVEL","Jl. Ipda Tut Harsono No. 3, Umbulharjo, Yogyakarta, DI Yogyakarta, 55165",NA,"https://himpuh.or.id/daftar-anggota/detail/108/pt-citra-wisata-dunia"
"99",99,"PT. Citraceria Usaha Khalifah","KHALIFAH TOUR","Jl. Brigjen Katamso No. 11 Cihaurgeulis, Arjasari, Bandung, Jawa Barat, 40122",NA,"https://himpuh.or.id/daftar-anggota/detail/26/pt-citraceria-usaha-khalifah"
"100",100,"PT. Daehatur Ekspress","Daehatur","Apartemen Cervino Village Gf Blok. H, Jl. Kh. Abdullah Syafei Kav 27, Tebet, Jakarta Selatan, DKI Jakarta, 12810",NA,"https://himpuh.or.id/daftar-anggota/detail/312/pt-daehatur-ekspress"
"101",101,"PT. Dago Wisata Internasional","Dago Wisata","Jl. Puter No. 7, Arjasari, Bandung, Jawa Barat, 40133",NA,"https://himpuh.or.id/daftar-anggota/detail/109/pt-dago-wisata-internasional"
"102",102,"PT. Darul Manasek Internasional","DARUL MANASEK INTERNASIONAL","Ruko Ptc Blok. H8 No. 6 Pulogadung Trade Centre, Jl. Raya Bekasi Km.21, Pulo Gadung, Jakarta Timur, DKI Jakarta, 0",NA,"https://himpuh.or.id/daftar-anggota/detail/300/pt-darul-manasek-internasional"
"103",103,"PT. Dava Tour & Travel","ABHINAYA UMROH","Jl. Minang Kabau No. 29, Setia Budi, Jakarta Selatan, DKI Jakarta, 12970",NA,"https://himpuh.or.id/daftar-anggota/detail/301/pt-dava-tour-travel"
"104",104,"PT. Dawood Andalan Haramain","Dawood Andalan Haramain","Jl. Utama Komplek D'callista No. 1 Rejosari, Tenayan, Tenayan Raya, Pekanbaru, Riau, 28281",NA,"https://himpuh.or.id/daftar-anggota/detail/336/pt-dawood-andalan-haramain"
"105",105,"PT. Dhiyaa El Haramain Mubarokah","ELHARAMAIN WISATA","Ruko Grand Boulevard Asia Tropis Blok At 12-02 Harapan Indah, Abiansemal, Badung, Bali, 0",NA,"https://himpuh.or.id/daftar-anggota/detail/306/pt-dhiyaa-el-haramain-mubarokah"
"106",106,"PT. Dian Nusa Insani","DNI","Jl. Mampang Prapatan Raya No. 69, Mampang Prapatan, Jakarta Selatan, DKI Jakarta, 12790",NA,"https://himpuh.or.id/daftar-anggota/detail/28/pt-dian-nusa-insani"
"107",107,"PT. Dimas Brian Praktis","PRAKTIS","Jl. Raya Surabaya - Malang Km. 36 Bundaran Apolo, Gempol, Pasuruan, Jawa Timur, 67155",NA,"https://himpuh.or.id/daftar-anggota/detail/349/pt-dimas-brian-praktis"
"108",108,"PT. Diyo Siba Tour & Travel","Diyo Siba","Jl. Pacuan Kuda Raya No. 03 Rt. 11/11, Pulo Gadung, Jakarta Timur, DKI Jakarta, 13210",NA,"https://himpuh.or.id/daftar-anggota/detail/185/pt-diyo-siba-tour-travel"
"109",109,"PT. Dua Ribu Wisata","DRW","Jl. Dewi Sartika No. 69 A, Kramat Jati, Jakarta Timur, DKI Jakarta, 13630",NA,"https://himpuh.or.id/daftar-anggota/detail/29/pt-dua-ribu-wisata"
"110",110,"PT. El - Atieq Tour & Travel","El - Atieq","Jl. Kalimalang Raya Blok N/2a Rt. 02/10, Duren Sawit, Jakarta Timur, DKI Jakarta, 13450",NA,"https://himpuh.or.id/daftar-anggota/detail/186/pt-el-atieq-tour-travel"
"111",111,"PT. Elrey Puri Malak","Malak Tour","Jl. MT. Haryono Kav. 22 Signature Park K-01, Tebet, Jakarta Selatan, DKI Jakarta",NA,"https://himpuh.or.id/daftar-anggota/detail/360/pt-elrey-puri-malak"
"112",112,"PT. Fajrul Ikhsan Wisata","ESQ Tour & Travel","Gd. Menara 165 Lt. Dasar Lobby Office, Jl. Tb Simatupang Kav 1 Rt.008/003, Pasar Minggu, Jakarta Selatan, DKI Jakarta, 12650",NA,"https://himpuh.or.id/daftar-anggota/detail/30/pt-fajrul-ikhsan-wisata"
"113",113,"PT. Farafaza Astatama (farfaza)","FARFAZA ASTATAMA TOUR & TRAVEL","Jl. Kramat Jati Ii No. 59, Senen, Jakarta Pusat, DKI Jakarta, 10430",NA,"https://himpuh.or.id/daftar-anggota/detail/156/pt-farafaza-astatama-farfaza"
"114",114,"PT. Farfasa Nurul Qolbi","Farfasa Tour & Travel","Jl. Raya Babat Jombang KM. 02 No. 70, Baureno, Bojonegoro, Jawa Timur, 62192",NA,"https://himpuh.or.id/daftar-anggota/detail/110/pt-farfasa-nurul-qolbi"
"115",115,"PT. Farhan Surya Indah","Farhan Surya Indah Tour & Travel","Jl. Cipinag Jaya Raya Blok. A No. 7, Jatinegara, Jakarta Timur, DKI Jakarta, 13410",NA,"https://himpuh.or.id/daftar-anggota/detail/241/pt-farhan-surya-indah"
"116",116,"PT. Fatahillah Tour Mandiri","FATA TOUR","Sinpasa Commercial Blok. C No. 6 Margamulya Bekasi Utara, Bekasi Utara, Bekasi, Jawa Barat, 17142",NA,"https://himpuh.or.id/daftar-anggota/detail/314/pt-fatahillah-tour-mandiri"
"117",117,"PT. Fath Indah Travel Services","Fath Indah","Jl. Progo No. 5, Wonokromo, Surabaya, Jawa Timur, 60241",NA,"https://himpuh.or.id/daftar-anggota/detail/31/pt-fath-indah-travel-services"
"118",118,"PT. Fazary Wisata","Fazary Wisata","Ruko Prima Bintaro Blok. D, Jl. Wr. Supratman No. 53 Sektor 3 Bintaro Jaya, Ciputat Timur, Tangerang Selatan, Banten, 15412",NA,"https://himpuh.or.id/daftar-anggota/detail/224/pt-fazary-wisata"
"119",119,"PT. Flywell Travel","PT. Flywell Travel Indonesia","Jl. Jend. Sudirman Kav. 3-4, Tanah Abang, Jakarta Pusat, DKI Jakarta, 10210",NA,"https://himpuh.or.id/daftar-anggota/detail/157/pt-flywell-travel"
"120",120,"PT. Gadika Expressindo","Gadika","Jl. Bulak Rantai No.1c, Kramat Jati, Jakarta Timur, DKI Jakarta, 13510",NA,"https://himpuh.or.id/daftar-anggota/detail/158/pt-gadika-expressindo"
"121",121,"PT. Gaido Azza Darussalam Indonesia","Gaido Travel & Tours","Jl. Kyai Caringin No. 5 Cideng Jakarta Pusat, Gambir, Jakarta Pusat, DKI Jakarta, 10150",NA,"https://himpuh.or.id/daftar-anggota/detail/139/pt-gaido-azza-darussalam-indonesia"
"122",122,"PT. Garislurus Lintas Semesta","Garislurus","Jl. Cermai Raya No. 227 Kayuringin Bekasi Selatan, Babelan, Bekasi, Jawa Barat, 17144",NA,"https://himpuh.or.id/daftar-anggota/detail/280/pt-garislurus-lintas-semesta"
"123",123,"PT. Gatra Citra Kencana","GACIKEN","Jl. Warung Jati Timur No. 26, Pancoran, Jakarta Selatan, DKI Jakarta, 12740",NA,"https://himpuh.or.id/daftar-anggota/detail/119/pt-gatra-citra-kencana"
"124",124,"PT. Gema Raudhah Lestari","GR","Jl. R.e. Martadinata No. 110, Bandung Wetan, Bandung, Jawa Barat, 40114",NA,"https://himpuh.or.id/daftar-anggota/detail/32/pt-gema-raudhah-lestari"
"125",125,"PT. Gema Shafa Marwa","GSM","Ruko Mutiara Faza, Jl. Condet Raya No. 27/rc, Pasar Rebo, Jakarta Timur, DKI Jakarta, 13760",NA,"https://himpuh.or.id/daftar-anggota/detail/34/pt-gema-shafa-marwa"
"126",126,"PT. Gemilang Multazam Mitra Sakti Wisata","Gemilang Wisata","Prince Center Building 5th Flor 505, Jl. Jenderal Sudirman Kav. 3-4, Tanah Abang, Jakarta Pusat, DKI Jakarta, 10220",NA,"https://himpuh.or.id/daftar-anggota/detail/329/pt-gemilang-multazam-mitra-sakti-wisata"
"127",127,"PT. Gesya Prima Biro Perjalanan Umum","PT. Gesya Tour & Travel","Jl. Cipinang Muara Raya No. 42a, Jatinegara, Jakarta Timur, DKI Jakarta, 13420",NA,"https://himpuh.or.id/daftar-anggota/detail/256/pt-gesya-prima-biro-perjalanan-umum"
"128",128,"PT. Goenawan Erawisata Tour & Travel","Goenawan Era Wisata Haji & Umroh","Bussines Park Tangcity B.25, Jl. Jenderal Sudirman No. 01, Tangerang, Tangerang, Banten, 15117",NA,"https://himpuh.or.id/daftar-anggota/detail/35/pt-goenawan-erawisata-tour-travel"
"129",129,"PT. Graha Bintang Wisata","STAR HOLIDAY TOUR & TRAVEL SERVICE","Jl. Jatiwaringin Raya Blok H/9a Rt. 009/007, Makasar, Jakarta Timur, DKI Jakarta, 13620",NA,"https://himpuh.or.id/daftar-anggota/detail/120/pt-graha-bintang-wisata"
"130",130,"PT. Granada Wisata","Granada Wisata","Ruko Bukit Serpong Mas Blok. A3 No:7, Serpong Utara, Tangerang Selatan, Banten, 15325",NA,"https://himpuh.or.id/daftar-anggota/detail/298/pt-granada-wisata"
"131",131,"PT. Haifa Nida Wisata","Haifa Umrah & Haji Khusus","Jl. Raya Cilamaya Samping Mapolsek, Cilamaya Kulon, Karawang, Jawa Barat, 41384",NA,"https://himpuh.or.id/daftar-anggota/detail/307/pt-haifa-nida-wisata"
"132",132,"PT. Hariza","HARIZA TOUR","Jl. Sentra Eropa Ii, Blok Ab.3 No.26 Rt.09, Balikpapan Utara, Balikpapan, Kalimantan Timur, 76125",NA,"https://himpuh.or.id/daftar-anggota/detail/121/pt-hariza"
"133",133,"PT. Hasni Multi Bussiness","HM Travel","Jl. Dr. Saharjo No. 96e, Setia Budi, Jakarta Selatan, DKI Jakarta, 12960",NA,"https://himpuh.or.id/daftar-anggota/detail/310/pt-hasni-multi-bussiness"
"134",134,"PT. Hawla Mabrur","Hawla Mabrur Tour & Travel","Jl. Pengambiran No. 42 A, Pulo Gadung, Jakarta Timur, DKI Jakarta, 13220",NA,"https://himpuh.or.id/daftar-anggota/detail/36/pt-hawla-mabrur"
"135",135,"PT. Helutrans Alhaadi Ziarah","Haztour","Ruko Puri Sentra Niaga Blok A No.5-6, Cipinang Melayu, Makasar, Makasar, Jakarta Timur, DKI Jakarta, 13620",NA,"https://himpuh.or.id/daftar-anggota/detail/160/pt-helutrans-alhaadi-ziarah"
"136",136,"PT. Henira Citra Utama","Henira","Jl. TMP Kalibata Raya No. 01. Kalibata City Square Mall Blok SS/05/01, Pancoran, Jakarta Selatan, DKI Jakarta, 12750",NA,"https://himpuh.or.id/daftar-anggota/detail/361/pt-henira-citra-utama"
"137",137,"PT. Ibapuisi Tour & Travel","PT. IBAPUISI TOUR & TRAVEL","Jl. Sultan Hasanuddin Ruko Permata Blok A2 No. 44, Tambun Selatan, Bekasi, Jawa Barat, 17510",NA,"https://himpuh.or.id/daftar-anggota/detail/123/pt-ibapuisi-tour-travel"
"138",138,"PT. Idah Roes Tour & Travel Services","Idah Roes Tour & Travel services","Jl. Sultan Adam Ruko No. 8 Banjarmasin Utara, Banjarmasin Tengah, Banjarmasin, Kalimantan Selatan, 70235",NA,"https://himpuh.or.id/daftar-anggota/detail/37/pt-idah-roes-tour-travel-services"
"139",139,"PT. Ihya Tour & Travel","IHYA TOUR & TRAVEL","Jl. Ks. Tubun No. 33a, Anjongan, Pontianak, Kalimantan Barat, 78121",NA,"https://himpuh.or.id/daftar-anggota/detail/38/pt-ihya-tour-travel"
"140",140,"PT. Iman Arafah Travel","IMAN ARAFAH TRAVEL (IAT)","Ruko Icon 21 B3, Jl. Meruya Ilir Raya Rt. 008 Rw.007, Kembangan, Jakarta Barat, DKI Jakarta, 11620",NA,"https://himpuh.or.id/daftar-anggota/detail/352/pt-iman-arafah-travel"
"141",141,"PT. Impressa Media Wisata","MAIS Tour & Travel","Gedung Perkantoran Pulomas Satu Gd.VI Lt. 1 No. 09 Jl. Jend Ahmad Yani No. 2 Rt.03/013, Pulo Gadung, Jakarta Timur, DKI Jakarta",NA,"https://himpuh.or.id/daftar-anggota/detail/362/pt-impressa-media-wisata"
"142",142,"PT. Inayah Haromain","PT. Inayah Haromain","Link, Jerang Ilir Rt.03/rw.03, Cibeber, Cilegon, Banten, 42425",NA,"https://himpuh.or.id/daftar-anggota/detail/340/pt-inayah-haromain"
"143",143,"PT. Indah Permata Permai","INDAH PERMATA PERMAI","Jl. Pacuan Kuda Raya No. 03 Rt.11/11 Rawamangun Pulo Gadung, Pulo Gadung, Jakarta Timur, DKI Jakarta, 13210",NA,"https://himpuh.or.id/daftar-anggota/detail/233/pt-indah-permata-permai"
"144",144,"PT. Indah Safarina (Safarindo Tours & Travel)","SAFARINDO TOURS & TRAVEL","Jl. Raya Ps. Minggu Km. 18,2 No. 6g, Pasar Minggu, Jakarta Selatan, DKI Jakarta, 12510",NA,"https://himpuh.or.id/daftar-anggota/detail/39/pt-indah-safarina-safarindo-tours-travel"
"145",145,"PT. Intan Salsabila","INTAN SALSABILA","Jl. Tebet Barat Dalam Raya No. 55 C, Tebet, Jakarta Selatan, DKI Jakarta, 12810",NA,"https://himpuh.or.id/daftar-anggota/detail/41/pt-intan-salsabila"
"146",146,"PT. Inti Ummul Quro","Inti Ummul Quro","Jl. KH. M. Usman No. 96, Beji, Depok, Jawa Barat, 16425",NA,"https://himpuh.or.id/daftar-anggota/detail/363/pt-inti-ummul-quro"
"147",147,"PT. Jannah Firdaus Tour & Travel","JANNAH","Jl. Cinere Raya, Ruko Puri Niaga No. 11b Cinere  Cinere, Cinere, Depok, Jawa Barat, 16514",NA,"https://himpuh.or.id/daftar-anggota/detail/235/pt-jannah-firdaus-tour-travel"
"148",148,"PT. Kaisa Rossie","KAISA LILHAJJ","Jl. Madukoro No. 8 Semarang, Semarang Barat, Semarang, Jawa Tengah, 50144",NA,"https://himpuh.or.id/daftar-anggota/detail/42/pt-kaisa-rossie"
"149",149,"PT. Kalam Imran Farok","KIF Tours","Jl. Rs. Fatmawati No. 201 D, Cilandak Cilandak Barat, Cilandak, Jakarta Selatan, DKI Jakarta, 12430",NA,"https://himpuh.or.id/daftar-anggota/detail/322/pt-kalam-imran-farok"
"150",150,"PT. Kaltrabu Indah","KALTRABU INDAH TOURS","Jl. A. Yani Km. 3,5 Komp. Pertokoan Tanjung Maya Blok B No. 10d, Banjarmasin Tengah, Banjarmasin, Kalimantan Selatan, 70234",NA,"https://himpuh.or.id/daftar-anggota/detail/43/pt-kaltrabu-indah"
"151",151,"PT. Karsa Pelita Wisata","Pelita Wisata","Jl. Ciputat Raya No. 1b Unit 4, Kebayoran Lama, Jakarta Selatan, DKI Jakarta, 12310",NA,"https://himpuh.or.id/daftar-anggota/detail/328/pt-karsa-pelita-wisata"
"152",152,"PT. Kartika Utama","HARAMAINKU","Cibubur Country Rbod 06 Rt.06/02, Gunung Putri, Bogor, Jawa Barat, 16966",NA,"https://himpuh.or.id/daftar-anggota/detail/125/pt-kartika-utama"
"153",153,"PT. Karya Imtaq","KARYA IMTAQ","Jl. Perintis Kemerdekaan No.2, Sumur Bandung, Bandung, Jawa Barat, 40117",NA,"https://himpuh.or.id/daftar-anggota/detail/353/pt-karya-imtaq"
"154",154,"PT. Keringat Bersama (Krisma Tour)","KRISMA TOUR & TRAVEL","Jl. Aria Wiratanudatar No. 119, Karangtengah, Cianjur, Jawa Barat, 43281",NA,"https://himpuh.or.id/daftar-anggota/detail/44/pt-keringat-bersama-krisma-tour"
"155",155,"PT. Khadim Permata Tour","KHADIM WISATA","Jl. Lawanggintung No.25 , Babakan Madang, Bogor, Jawa Barat, 16133",NA,"https://himpuh.or.id/daftar-anggota/detail/45/pt-khadim-permata-tour"
"156",156,"PT. Khairo Mulya Wisata","KHAIRO MULYA WISATA","Tangerang City Business Park Blok B 29, Jl. Jenderal Sudirman No. 1, Balaraja, Tangerang, Banten, 15117",NA,"https://himpuh.or.id/daftar-anggota/detail/281/pt-khairo-mulya-wisata"
"157",157,"PT. Khalifa  Wisata","KHATRAV","Gedung Apartemen Carvino Village Kav.27 Rt.019 Rw. 001, Tebet, Jakarta Selatan, DKI Jakarta, 12810",NA,"https://himpuh.or.id/daftar-anggota/detail/162/pt-khalifa-wisata"
"158",158,"PT. Khalifa International Bussiness","KHALIFA HAJJ","Jl. Basuki Rahmat No. 25, Jatinegara, Jakarta Timur, DKI Jakarta, 13350",NA,"https://himpuh.or.id/daftar-anggota/detail/163/pt-khalifa-international-bussiness"
"159",159,"PT. Kharissa Permai Holiday","PT. KHARISSA TOURS & TRAVEL","Jl. Cilosari No.24-b, Menteng, Jakarta Pusat, DKI Jakarta, 10330",NA,"https://himpuh.or.id/daftar-anggota/detail/126/pt-kharissa-permai-holiday"
"160",160,"PT. Khidmat Lambaian Kabah","Labbaika Tour and Travel","Jl. Raden Inten 2 No. 4, Duren Sawit, Jakarta Timur, DKI Jakarta, 13440",NA,"https://himpuh.or.id/daftar-anggota/detail/364/pt-khidmat-lambaian-kabah"
"161",161,"PT. Kindai Tour & Travel","KINDAI TOUR & TRAVEL","Jl. Danau Poso No. 156 A, Bendungan Hilir, Tanah Abang, Jakarta Pusat, DKI Jakarta, 10210",NA,"https://himpuh.or.id/daftar-anggota/detail/237/pt-kindai-tour-travel"
"162",162,"PT. Kiswah Cahaya Permata","KISWAH CAHAYA PERMATA","Jl. Pangeran Antasari No. 96b Rt.001 Rw.001, Banjarmasin Tengah, Banjarmasin, Kalimantan Selatan, 70234",NA,"https://himpuh.or.id/daftar-anggota/detail/344/pt-kiswah-cahaya-permata"
"163",163,"PT. Kotapiring Kencana","KOTAPIRING KENCANA","Jl. Pemuda - Komp. Ruko Graha Mas Pemuda Blok. Aa No. 19, Pulo Gadung, Jakarta Timur, DKI Jakarta, 13220",NA,"https://himpuh.or.id/daftar-anggota/detail/238/pt-kotapiring-kencana"
"164",164,"PT. Kubah Wisata Nusantara","KUBAH WISATA NUSANTARA","Komplek Duta Merlin Blok E31, Jl. Gajah Mada, Gambir, Jakarta Pusat, DKI Jakarta, 10130",NA,"https://himpuh.or.id/daftar-anggota/detail/127/pt-kubah-wisata-nusantara"
"165",165,"PT. Labbaika Cipta Imani","LABBAIKA TOUR & TRAVEL","Ruko Cibubur Village, Jl. Radar Auri No.2, Cimanggis, Depok, Jawa Barat, 16452",NA,"https://himpuh.or.id/daftar-anggota/detail/297/pt-labbaika-cipta-imani"
"166",166,"PT. Lazuardi Titian Wisata","Lazuardi Umrah & Hajj","Jl. Condet Raya No. 9a, Kramat Jati, Jakarta Timur, DKI Jakarta, 13530",NA,"https://himpuh.or.id/daftar-anggota/detail/253/pt-lazuardi-titian-wisata"
"167",167,"PT. Lintas Agung Wisata","LINTAS AGUNG WISATA","Jl. Raden Saleh No. 16, Cikini, Senen, Senen, Jakarta Pusat, DKI Jakarta, 0",NA,"https://himpuh.or.id/daftar-anggota/detail/351/pt-lintas-agung-wisata"
"168",168,"PT. Lintas Jaya Optima","LINTAS JAYA OPTIMA","Jl. Perumnas Gg. Kapuas No. B-18 Condongsari, Abiansemal, Badung, Bali, 0",NA,"https://himpuh.or.id/daftar-anggota/detail/347/pt-lintas-jaya-optima"
"169",169,"PT. Mabrur Tour & Travel","MABRUR TRAVEL","Jl. Percetakan Negara Raya No. D49 Rt:10/09, Johar Baru, Jakarta Pusat, DKI Jakarta, 10560",NA,"https://himpuh.or.id/daftar-anggota/detail/319/pt-mabrur-tour-travel"
"170",170,"PT. Madani Bina Bersama (Madani Tours & Travel)","MADANI TOURS & TRAVEL","Jl. Tebet Barat Dalam Raya No. 73, Tebet, Jakarta Selatan, DKI Jakarta, 12810",NA,"https://himpuh.or.id/daftar-anggota/detail/46/pt-madani-bina-bersama-madani-tours-travel"
"171",171,"PT. Madani Insan Cemerlang","PT. MADANI INSAN CEMERLANG ( pamekasan)","Jl. Raya Panglegur No. 43 Km. 3, Tlanakan, Pamekasan, Jawa Timur, 69371",NA,"https://himpuh.or.id/daftar-anggota/detail/165/pt-madani-insan-cemerlang"
"172",172,"PT. Madinah Iman Wisata","MADINAH IMAN WISATA","Jl. Merpati Raya, Ruko Harvest No.26., Ciputat, Tangerang Selatan, Banten, 15413",NA,"https://himpuh.or.id/daftar-anggota/detail/129/pt-madinah-iman-wisata"
"173",173,"PT. Madinah Wisata Abadi","MADINAH WISATA ABADI","Jl. Brigjend Hasan Basri, Kota Raden Hilir  Gg. Arjuna Amuntai Rt. 02 No. 80, Amuntai Utara, Hulu Sungai Utara, Kalimantan Selatan, 71415",NA,"https://himpuh.or.id/daftar-anggota/detail/243/pt-madinah-wisata-abadi"
"174",174,"PT. Mahkota Bumi Barokah","Mahkota Kubah Emas Tour & Travel","Ruko Dian Plaza, Jl. Raden Fatah, Ciledug, Tangerang, Banten, 15151",NA,"https://himpuh.or.id/daftar-anggota/detail/327/pt-mahkota-bumi-barokah"
"175",175,"PT. Makkah Utama Tour","MU TOUR","Jl. Salam No. 52 Cihapit, Bandung Wetan, Arjasari, Bandung, Jawa Barat, 40114",NA,"https://himpuh.or.id/daftar-anggota/detail/304/pt-makkah-utama-tour"
"176",176,"PT. Malika Wisata Utama","MALIKA TOUR","Graha Malika Lt. 2 Jl. Perintis Kemerdekaan No. 1 Babakan Ciamis Tangerang, Balaraja, Tangerang, Banten, 15117",NA,"https://himpuh.or.id/daftar-anggota/detail/302/pt-malika-wisata-utama"
"177",177,"PT. Manajemen Mihrab Qolbi","MIHRAB QOLBI TRAVEL","Jl. Dakota I No. 15 Rt.05/07, Cicendo, Bandung, Jawa Barat, 40175",NA,"https://himpuh.or.id/daftar-anggota/detail/142/pt-manajemen-mihrab-qolbi"
"178",178,"PT. Manajemen Qolbu Tauhid","MQ TRAVEL","Jl. Cisanggiri  I No. 2a, Kebayoran Baru, Jakarta Selatan, DKI Jakarta, 12170",NA,"https://himpuh.or.id/daftar-anggota/detail/192/pt-manajemen-qolbu-tauhid"
"179",179,"PT. Mancanegara Internusa","MANCANEGARA INTERNUSA","Jl. Marsma Iswahyudi Rt. 21 No.1 Sepinggan, Balikpapan Selatan, Balikpapan, Kalimantan Timur, 76115",NA,"https://himpuh.or.id/daftar-anggota/detail/316/pt-mancanegara-internusa"
"180",180,"PT. Marco Tour & Travel","MARCO TOUR & TRAVEL","Jl. Jend. Basuki Rahmat Kober Ulu No. 15, Jatinegara, Jakarta Timur, DKI Jakarta, 13350",NA,"https://himpuh.or.id/daftar-anggota/detail/130/pt-marco-tour-travel"
"181",181,"PT. Mariam Riadien","MARIAM TRAVEL","Gedung Bangka 33 Lt. 2 Ruang 206, Jl. Kemang Raya No. 124b Bangka Pela Mampang, Mampang Prapatan, Jakarta Selatan, DKI Jakarta, 12720",NA,"https://himpuh.or.id/daftar-anggota/detail/112/pt-mariam-riadien"
"182",182,"PT. Marwah Sari Utama (Marwah)","MARWAH","Jl. Asembaris Raya No.1-b, Tebet, Jakarta Selatan, DKI Jakarta, 12830",NA,"https://himpuh.or.id/daftar-anggota/detail/167/pt-marwah-sari-utama-marwah"
"183",183,"PT. Masindo Buana Wisata","Masindo Tour","Jl. Tebet Raya No. 38a, Tebet, Jakarta Selatan, DKI Jakarta, 12820",NA,"https://himpuh.or.id/daftar-anggota/detail/47/pt-masindo-buana-wisata"
"184",184,"PT. Matias Jaya Abadi","Abadi Tour & Travel","Signature Oark Apartement, Jl. Mt. Haryono Kav 22, Tebet, Jakarta Selatan, DKI Jakarta, 12820",NA,"https://himpuh.or.id/daftar-anggota/detail/333/pt-matias-jaya-abadi"
"185",185,"PT. Matra Tur Antarnusa","MATRA TUR ANTARNUSA","Plaza Basmar, 3rd Floor Jalan Mampang Prapatan Raya No. 106, Pancoran, Jakarta Selatan, DKI Jakarta, 12760",NA,"https://himpuh.or.id/daftar-anggota/detail/337/pt-matra-tur-antarnusa"
"186",186,"PT. Medina Mitra Wisata","MEDINA WISATA","Ruko Cibubur Indah Blok. F3 Jl. Raya Lapangan Tembak, Ciracas, Jakarta Timur, DKI Jakarta, 13720",NA,"https://himpuh.or.id/daftar-anggota/detail/290/pt-medina-mitra-wisata"
"187",187,"PT. Megacitra Intinamandiri","Megacitra Umroh & Haji","Jl. Cimandiri No. 20 Rt.02/07, Arjasari, Bandung, Jawa Barat, 40115",NA,"https://himpuh.or.id/daftar-anggota/detail/48/pt-megacitra-intinamandiri"
"188",188,"PT. Metro Inter Travindo","Padi Umroh","Jl. Kihajar Dewantara Ruko Golden 8 No. 8 Pakulonan Barat, Kelapa Dua, Kelapa Dua, Tangerang, Banten, 15810",NA,"https://himpuh.or.id/daftar-anggota/detail/282/pt-metro-inter-travindo"
"189",189,"PT. Mideast Express","MIDEAST TOUR","Jl. Lapangan Roos Raya No. 8, Tebet, Jakarta Selatan, DKI Jakarta, 12480",NA,"https://himpuh.or.id/daftar-anggota/detail/136/pt-mideast-express"
"190",190,"PT. Minamas Angkasa Sakti","PT. MINAMAS ANGKASA SAKTI","Jl. Danau Toba No. 138b Bendungan Hilir, Tanah Abang, Jakarta Pusat, DKI Jakarta, 10210",NA,"https://himpuh.or.id/daftar-anggota/detail/143/pt-minamas-angkasa-sakti"
"191",191,"PT. Mitra Mediatama Sejahtera","Mediatama","Jl. Inerbang Raya No. 3 Kramat Jati, Kramat Jati, Jakarta Timur, DKI Jakarta, 13540",NA,"https://himpuh.or.id/daftar-anggota/detail/318/pt-mitra-mediatama-sejahtera"
"192",192,"PT. Mitra Tour & Travel","Mitra Tour & travel","Jl. Abdul Muis No. 68 , Gambir, Jakarta Pusat, DKI Jakarta, 10160",NA,"https://himpuh.or.id/daftar-anggota/detail/365/pt-mitra-tour-travel"
"193",193,"PT. Muhsinin Tour & Travel","Muhsinin","Jl. Kastus No. 12, Selaparang (Selaprang), Mataram, Nusa Tenggara Barat (NTB), 83126",NA,"https://himpuh.or.id/daftar-anggota/detail/293/pt-muhsinin-tour-travel"
"194",194,"PT. Mulia Pacific","MULIA PACIFIC","Jl. Radio Dalam Raya No. 16b, Kebayoran Baru, Jakarta Selatan, DKI Jakarta, 12140",NA,"https://himpuh.or.id/daftar-anggota/detail/194/pt-mulia-pacific"
"195",195,"PT. Mulia Wisata Abadi","Mulia Wisata Abadi (MWA)","Jl. Raya Pondok Gede No. 18e, Cipayung, Jakarta Timur, DKI Jakarta, 13810",NA,"https://himpuh.or.id/daftar-anggota/detail/244/pt-mulia-wisata-abadi"
"196",196,"PT. Mumtaz Sabila Mabrur","MUMTAZ TOURS & TRAVEL","Jl. I Gusti Ngurah Rai Ruko Spbu No. 11, Duren Sawit, Jakarta Timur, DKI Jakarta, 13460",NA,"https://himpuh.or.id/daftar-anggota/detail/53/pt-mumtaz-sabila-mabrur"
"197",197,"PT. Musafir Lintas Sahara","MUSAFIR TOUR","Jl. Raya Hankam No 59 Rt.04/02, Jati Sampurna, Bekasi, Jawa Barat, 17432",NA,"https://himpuh.or.id/daftar-anggota/detail/295/pt-musafir-lintas-sahara"
"198",198,"PT. Muslimun Travel","MUSLIMUN TRAVEL","Jl. Raya Beruntung Jaya No. 15 Rt.001 Rw. 01, Kertak Hanyar, Banjar, Kalimantan Selatan, 70456",NA,"https://himpuh.or.id/daftar-anggota/detail/308/pt-muslimun-travel"
"199",199,"PT. Mutiara Ajwah Mandiri","AJWAH TOUR & TRAVEL","Jl. Setia Raya No. 01 Rt. 18/07, Abiansemal, Badung, Bali, 17416",NA,"https://himpuh.or.id/daftar-anggota/detail/197/pt-mutiara-ajwah-mandiri"
"200",200,"PT. Mutiara Lima Wisata","Mutiara Tour & Travel","Jl. Raya Pasar Minggu No. 13, Pancoran, Jakarta Selatan, DKI Jakarta, 12780",NA,"https://himpuh.or.id/daftar-anggota/detail/168/pt-mutiara-lima-wisata"
"201",201,"PT. Mutiara Qonita Wisata","Qonita Wisata","Jl. Pahlawan Seribu Ruko Wtc Matahari No.5825, Serpong Utara, Tangerang Selatan, Banten, 15326",NA,"https://himpuh.or.id/daftar-anggota/detail/249/pt-mutiara-qonita-wisata"
"202",202,"PT. Nabawi Mulia Utama","Nabawi Mulia","Jl. Suryodiningratan No. 3, Mantrijeron, Yogyakarta, DI Yogyakarta, 55141",NA,"https://himpuh.or.id/daftar-anggota/detail/366/pt-nabawi-mulia-utama"
"203",203,"PT. Nabil  Hibatulloh","-","Jl. Raya Plosoarang Rt. 01 Rw. 02, Sanan Kulon, Blitar, Jawa Timur, 66151",NA,"https://himpuh.or.id/daftar-anggota/detail/325/pt-nabil-hibatulloh"
"204",204,"PT. Nabila Surabaya Perdana","NASATUR","Jl. Kampung Melayu Besar No. 44, Tebet, Jakarta Selatan, DKI Jakarta, 12840",NA,"https://himpuh.or.id/daftar-anggota/detail/320/pt-nabila-surabaya-perdana"
"205",205,"PT. Namira Tour & Travel","Namira","Jl. TB. Simatupang No. 02, Pasar Rebo, Jakarta Timur, DKI Jakarta, 13760",NA,"https://himpuh.or.id/daftar-anggota/detail/367/pt-namira-tour-travel"
"206",206,"PT. Nipindo Antar Wisata","NIPINDO TOUR & TRAVEL","Jl. Pegambiran No. 5, Pulo Gadung, Jakarta Timur, DKI Jakarta, 13220",NA,"https://himpuh.or.id/daftar-anggota/detail/55/pt-nipindo-antar-wisata"
"207",207,"PT. Noor Cahaya Mulia","Noor Alia Haji Umroh","Jl. Gang Blok Cigayam No. 99 RT.8 RW.4 Kel. Sidawangi, Sumber, Cirebon, Jawa Barat, 45611",NA,"https://himpuh.or.id/daftar-anggota/detail/199/pt-noor-cahaya-mulia"
"208",208,"PT. Noorhana Pertiwi Tour & Travel","NOORHANA PERTIWI","Perkantoran Nirwana Sunter Asri Blok J-2 No. 6 Tahap Iii Jl. Sunter Permai Raya, Tanjung Priok, Jakarta Utara, DKI Jakarta, 14340",NA,"https://himpuh.or.id/daftar-anggota/detail/56/pt-noorhana-pertiwi-tour-travel"
"209",209,"PT. Nur Ja'rona Travel","MJ Tavel","Jl. Nangka 1 Rt. 004/005 No. 48, Jagakarsa, Jakarta Selatan, DKI Jakarta, 12530",NA,"https://himpuh.or.id/daftar-anggota/detail/245/pt-nur-jarona-travel"
"210",210,"PT. Nur Ramadhan Wisata","NUR RAMADHAN","Jl. Cempaka Putih Raya No. 25,kec.cempaka Putih, Cempaka Putih, Jakarta Pusat, DKI Jakarta, 10520",NA,"https://himpuh.or.id/daftar-anggota/detail/115/pt-nur-ramadhan-wisata"
"211",211,"PT. Nurani Insan Azkia","Azkia Tours","Plaza Kertamukti Blok. G, Jl. Kertamukti No. 1, Ciputat Timur, Tangerang Selatan, Banten, 15419",NA,"https://himpuh.or.id/daftar-anggota/detail/342/pt-nurani-insan-azkia"
"212",212,"PT. Nursa Tours & Travel","NURSA TOURS","Jl. Utan Kayu Raya No. 108, Matraman, Jakarta Timur, DKI Jakarta, 13120",NA,"https://himpuh.or.id/daftar-anggota/detail/116/pt-nursa-tours-travel"
"213",213,"PT. Nurul Amanah Sirindo","AMANAH TOUR","Graha Mustika Ratu, Jl. Gatot Subroto Lt. Gf No. 74-75, Tebet, Jakarta Selatan, DKI Jakarta, 12870",NA,"https://himpuh.or.id/daftar-anggota/detail/57/pt-nurul-amanah-sirindo"
"214",214,"PT. Nurul Zahra","NURA","Jl. Condet Raya No. 31, Kramat Jati, Jakarta Timur, DKI Jakarta, 13640",NA,"https://himpuh.or.id/daftar-anggota/detail/317/pt-nurul-zahra"
"215",215,"PT. Oranye Patria Wisata","ORANYE TOUR","Jl. Condet Raya No.12, Rt. 004/005, Kramat Jati, Jakarta Timur, DKI Jakarta, 13640",NA,"https://himpuh.or.id/daftar-anggota/detail/117/pt-oranye-patria-wisata"
"216",216,"PT. Oriana Cakrawala","CAKRAWALA TOUR","Jl. Brigjend. Katamso No. 33, Palmerah, Jakarta Barat, DKI Jakarta, 11420",NA,"https://himpuh.or.id/daftar-anggota/detail/169/pt-oriana-cakrawala"
"217",217,"PT. Pacto Tour & Travel","PACTO","Wisma Agung Lt. 1  Jl. Taman Kemang No. 21 , Mampang Prapatan, Jakarta Selatan, DKI Jakarta, 12730",NA,"https://himpuh.or.id/daftar-anggota/detail/170/pt-pacto-tour-travel"
"218",218,"PT. Pakuan Jaya Safari","JAS Tour & Travel","Jl. Gerbang Sinai Raya Blok.03/19, Kelapa Dua, Tangerang, Banten, 15810",NA,"https://himpuh.or.id/daftar-anggota/detail/368/pt-pakuan-jaya-safari"
"219",219,"PT. Pandi Kencana Murni","PAKEM Tours","Jl. Di. Pandjaitan Rukan Bisnis Park Kirana Kav. 48, Jatinegara, Jakarta Timur, DKI Jakarta, 13340",NA,"https://himpuh.or.id/daftar-anggota/detail/118/pt-pandi-kencana-murni"
"220",220,"PT. Pandu As Shofa","PAS TRAVEL","Puri Sentra Niaga, Jl. Tarum Barat Blok A/14,kel. Kalimalang, Makasar, Jakarta Timur, DKI Jakarta, 13620",NA,"https://himpuh.or.id/daftar-anggota/detail/58/pt-pandu-as-shofa"
"221",221,"PT. Panghegar Putra Saptawisata","PATRA TOURS","Jl. Merdeka No. 2, Arjasari, Bandung, Jawa Barat, 40111",NA,"https://himpuh.or.id/daftar-anggota/detail/131/pt-panghegar-putra-saptawisata"
"222",222,"PT. Panji Mas Wisata","PANJI MAS","Jl. Tebet Raya No. 32, Tebet, Jakarta Selatan, DKI Jakarta, 12810",NA,"https://himpuh.or.id/daftar-anggota/detail/171/pt-panji-mas-wisata"
"223",223,"PT. Pantravel","PANTRAVEL","Jl. Dr. Saharjo No.96a, Setia Budi, Jakarta Selatan, DKI Jakarta, 12960",NA,"https://himpuh.or.id/daftar-anggota/detail/201/pt-pantravel"
"224",224,"PT. Patra Jaya Humairah","Patra Jaya","Jl. Karya Selamat No. 17, Medan Johor, Medan, Sumatera Utara, 20143",NA,"https://himpuh.or.id/daftar-anggota/detail/348/pt-patra-jaya-humairah"
"225",225,"PT. Pda Tigi Maaya","PDA Travel","Jl. Arifin Ahmad Samping Mzr Auto Service, Marpoyan Damai, Pekanbaru, Riau, 28125",NA,"https://himpuh.or.id/daftar-anggota/detail/190/pt-pda-tigi-maaya"
"226",226,"PT. Penata Rihlah","PENA TOUR","Jl. Raya Rusli Hakim No.1c, Pasar Minggu, Jakarta Selatan, DKI Jakarta, 12520",NA,"https://himpuh.or.id/daftar-anggota/detail/132/pt-penata-rihlah"
"227",227,"PT. Percikan Iman Tours & Travel","PERCIKAN IMAN","Jl. Taman Citarum No.9, Arjasari, Bandung, Jawa Barat, 40115",NA,"https://himpuh.or.id/daftar-anggota/detail/133/pt-percikan-iman-tours-travel"
"228",228,"PT. Pesona Muda Prima","PESONA TOURS","Jl. Buah Batu No. 43 Malabar, Lengkong, Bandung, Jawa Barat, 40262",NA,"https://himpuh.or.id/daftar-anggota/detail/188/pt-pesona-muda-prima"
"229",229,"PT. Prima Mulia Wisata","PRIMA MULIA WISATA","Jl. Meruyung Raya No. 2 Rt.002/010, Pancoran Mas, Depok, Jawa Barat, 16434",NA,"https://himpuh.or.id/daftar-anggota/detail/122/pt-prima-mulia-wisata"
"230",230,"PT. Qiblat Tour Islami","Qiblat Tour","Jl. Taman Cibeunying Selatan No. 15, Ke. Bandung Wetan, Bandung Wetan, Bandung, Jawa Barat, 40114",NA,"https://himpuh.or.id/daftar-anggota/detail/174/pt-qiblat-tour-islami"
"231",231,"PT. Qifaya Tour & Travel","Qifaya Umroh Haji","Jl. Kayu Jati Iii No. 1 Pulogadung, Pulo Gadung, Jakarta Timur, DKI Jakarta, 13210",NA,"https://himpuh.or.id/daftar-anggota/detail/205/pt-qifaya-tour-travel"
"232",232,"PT. Raudhah Amani Wisata","RAMANI","Jl. Asembaris Raya No.1-a, Tebet, Jakarta Selatan, DKI Jakarta, 12830",NA,"https://himpuh.or.id/daftar-anggota/detail/176/pt-raudhah-amani-wisata"
"233",233,"PT. Rayan Sirindo Barakah","RAYAN TOUR & TRAVEL","Jl. Jatinegara Timur IV No. 9B, Jatinegara, Jakarta Timur, DKI Jakarta, 13310",NA,"https://himpuh.or.id/daftar-anggota/detail/80/pt-rayan-sirindo-barakah"
"234",234,"PT. Razek Tour & Travel","RAZEK TOURS","Jl. Bendungan Hilir Raya No.18, Tanah Abang, Jakarta Pusat, DKI Jakarta, 10210",NA,"https://himpuh.or.id/daftar-anggota/detail/144/pt-razek-tour-travel"
"235",235,"PT. Redho Illahi Wisata (Redho Tours)","Redho Tours","Jl. Pahlawan Raya No. 97, Ciputat Timur, Tangerang Selatan, Banten, 15412",NA,"https://himpuh.or.id/daftar-anggota/detail/81/pt-redho-illahi-wisata-redho-tours"
"236",236,"PT. Reza Makmur Wisata Lestari","Rema Tour","Jl. Raya Pondok Gede No. 23 D, , Cipayung, Jakarta Timur, DKI Jakarta, 13810",NA,"https://himpuh.or.id/daftar-anggota/detail/292/pt-reza-makmur-wisata-lestari"
"237",237,"PT. Rihlah El Ibad (Riad)","RIAD TRAVEL","Jl. Condet Raya No.27 , Kramat Jati, Jakarta Timur, DKI Jakarta, 13520",NA,"https://himpuh.or.id/daftar-anggota/detail/82/pt-rihlah-el-ibad-riad"
"238",238,"PT. Rihlatul Hidayah Wisata","RHW TOUR & TRAVEL","Jl. Raya Pondok kelapa Blok. J13 No. 3A, Duren Sawit, Jakarta Timur, DKI Jakarta, 13450",NA,"https://himpuh.or.id/daftar-anggota/detail/266/pt-rihlatul-hidayah-wisata"
"239",239,"PT. Risalah Rizkia Wisata","Risalah Tour & Travel","Jl. Raya Bogor KM. 26 No. 10 Rt. 011 Rw. 004, Ciracas, Jakarta Timur, DKI Jakarta, 13740",NA,"https://himpuh.or.id/daftar-anggota/detail/326/pt-risalah-rizkia-wisata"
"240",240,"PT. Riska Harry Tour & Travel","RH TOUR","Ruko Sentra Niaga Kalimalang Blok. A No. 11 Jl. Jend. Ahmad Yani, Babelan, Bekasi, Jawa Barat, 17144",NA,"https://himpuh.or.id/daftar-anggota/detail/296/pt-riska-harry-tour-travel"
"241",241,"PT. Rizquna Hikmah Sejahtera","RIZQUNA TOUR & TRAVEL","Plaza Karinda Lt.2 Jl. Karang Tengah Raya Blok. B1 No. 19, Cilandak, Jakarta Selatan, DKI Jakarta, 12440",NA,"https://himpuh.or.id/daftar-anggota/detail/283/pt-rizquna-hikmah-sejahtera"
"242",242,"PT. Rosana Biro Perjalanan Wisata","ROSANA","Jl. Dr. Setia Budi No. 20 Purutrejo, Purwosari, Pasuruan, Jawa Timur, 67117",NA,"https://himpuh.or.id/daftar-anggota/detail/64/pt-rosana-biro-perjalanan-wisata"
"243",243,"PT. Sabilina Tours & Travel","SABILINA TOURS","Komp. Ruko Kranggan Permai Blok Rt. 16 No. 9, Jati Sampurna, Bekasi, Jawa Barat, 17433",NA,"https://himpuh.or.id/daftar-anggota/detail/65/pt-sabilina-tours-travel"
"244",244,"PT. Safa Insan Armani","SHOFA TOUR","Gedung Grand Slipi Lat. 9 Unit K, Jl. Letjen S. Parman Kav 22-24 Slipi Palmerah , Palmerah, Jakarta Barat, DKI Jakarta, 11480",NA,"https://himpuh.or.id/daftar-anggota/detail/207/pt-safa-insan-armani"
"245",245,"PT. Safira Perdana","SAFINA TOURS & TRAVEL SERVICES","GRAHA WIYARTA, Jl. Cempaka Putih Tengah I No. 5D, Cempaka Putih, Jakarta Pusat, DKI Jakarta, 10510",NA,"https://himpuh.or.id/daftar-anggota/detail/189/pt-safira-perdana"
"246",246,"PT. Sahabat Mulia Utama","SAHABAT MULIA TOUR","Gedung Dewan Dakwah Lt. 4 Jl. Panjang 12 Arteri Kelapa Dua,, Kebon Jeruk, Jakarta Barat, DKI Jakarta, 11530",NA,"https://himpuh.or.id/daftar-anggota/detail/262/pt-sahabat-mulia-utama"
"247",247,"PT. Sahara Kafilah Wisata (Sahara Kafila Tour)","SAHARA KAFILA TOUR","Jl. Raya Bogor Km. 21 No. 1-2 Rambutan, Ciracas, Ciracas, Jakarta Timur, DKI Jakarta, 13830",NA,"https://himpuh.or.id/daftar-anggota/detail/84/pt-sahara-kafilah-wisata-sahara-kafila-tour"
"248",248,"PT. Saidi Putra Wisata","SAIDI PUTRA WISATA","Jl. Pangeran Antasari No. 96A, Banjarmasin Tengah, Banjarmasin, Kalimantan Selatan, 70234",NA,"https://himpuh.or.id/daftar-anggota/detail/254/pt-saidi-putra-wisata"
"249",249,"PT. Sakinah Tour & Travel","WAN TOUR","GRAHA ATIKA, Lt.3, Jl. Warung Jati Barat No. 7 Rt.002/005, Pancoran, Jakarta Selatan, DKI Jakarta, 12710",NA,"https://himpuh.or.id/daftar-anggota/detail/66/pt-sakinah-tour-travel"
"250",250,"PT. Salfany Safanusa","SALFANY SAFANUSA","Jl. Cempaka Besar No. 41, Banjarmasin Barat, Banjarmasin, Kalimantan Selatan, 70112",NA,"https://himpuh.or.id/daftar-anggota/detail/67/pt-salfany-safanusa"
"251",251,"PT. Sanabil Madinah Barakah","SANABIL TOUR & TRAVEL","Jl. Braga No. 7, Arjasari, Bandung, Jawa Barat, 40111",NA,"https://himpuh.or.id/daftar-anggota/detail/177/pt-sanabil-madinah-barakah"
"252",252,"PT. Sandhora Wahana Wisata","AWW TRAVEL","Jl. Gaharu 1 No. 92kel: Cipete Selatan, Cilandak, Jakarta Selatan, DKI Jakarta, 12410",NA,"https://himpuh.or.id/daftar-anggota/detail/178/pt-sandhora-wahana-wisata"
"253",253,"PT. Sangkan Hurip Bersama","Sangkan Hurip","Jl. Sultan Ageng tirtayasa No. 53, Kedawung, Cirebon, Jawa Barat, 45153",NA,"https://himpuh.or.id/daftar-anggota/detail/179/pt-sangkan-hurip-bersama"
"254",254,"PT. Sari Ramada Arafah","SARI RAMADA TRAVEL","Hotel Kartika Chandra 003 Arcade G 001-003, Jl. Gatot Subroto, Setia Budi, Jakarta Selatan, DKI Jakarta, 12710",NA,"https://himpuh.or.id/daftar-anggota/detail/211/pt-sari-ramada-arafah"
"255",255,"PT. Satria Putra Mandiri","SATRIA TOUR & TRAVEL","Jl. Soekarno Hatta No. 10, Balerejo, Madiun, Jawa Timur, 63136",NA,"https://himpuh.or.id/daftar-anggota/detail/68/pt-satria-putra-mandiri"
"256",256,"PT. Sela Express Tour","SELATOUR Haji & Umrah","Jl. SukarnoHatta No. B1, Batam Kota, Batam, Kepulauan Riau, 28282",NA,"https://himpuh.or.id/daftar-anggota/detail/214/pt-sela-express-tour"
"257",257,"PT. Selaras Citanusa Wisata","SELARAS WISATA","Jl. Ciputat Raya No. 100A, , Kebayoran Lama, Jakarta Selatan, DKI Jakarta, 12240",NA,"https://himpuh.or.id/daftar-anggota/detail/255/pt-selaras-citanusa-wisata"
"258",258,"PT. Semesta Bertowaf 99","TAWAF 99","Ruko Graha Kartika Pratama Blok. E No. 7, Bojonggede, Bogor, Jawa Barat, 16920",NA,"https://himpuh.or.id/daftar-anggota/detail/338/pt-semesta-bertowaf-99"
"259",259,"PT. Semesta Kirana","SEMESTA KIRANA","Jl. Buah Batu No. 43, Bandung, Arjasari, Bandung, Jawa Barat, 40262",NA,"https://himpuh.or.id/daftar-anggota/detail/346/pt-semesta-kirana"
"260",260,"PT. Shabar Tour","SHABAR TOUR","Jl. Saputra VII No. 45, Kedawung, Cirebon, Jawa Barat, 45153",NA,"https://himpuh.or.id/daftar-anggota/detail/180/pt-shabar-tour"
"261",261,"PT. Shafira Lintas Semesta","SHAFIRA TOUR & TRAVEL","Gedung Graha Pena Lt. 2, Jl. Ahmad Yani No. 88, , Wonocolo, Surabaya, Jawa Timur, 60231",NA,"https://himpuh.or.id/daftar-anggota/detail/187/pt-shafira-lintas-semesta"
"262",262,"PT. Shaka Mulia Wisata","SHAKA TOUR & TRAVEL","Jl. Bintaro Raya No. 21A Tanah Kusir Kebayoran lama, Kebayoran Lama, Jakarta Selatan, DKI Jakarta, 12240",NA,"https://himpuh.or.id/daftar-anggota/detail/69/pt-shaka-mulia-wisata"
"263",263,"PT. Siar Haramain International Wisata","SIAR TOUR","Jl. Sisingamangaraja No.18 (garuda Plaza Hotel), Medan Area, Medan, Sumatera Utara, 20215",NA,"https://himpuh.or.id/daftar-anggota/detail/85/pt-siar-haramain-international-wisata"
"264",264,"PT. Siddiq Amanah Wisata","SIDDIQ AMANAH WISATA","Jl. Rawajati Timur Raya Blok. AM-11, Kalibata Indah, Pancoran, Jakarta Selatan, DKI Jakarta, 12750",NA,"https://himpuh.or.id/daftar-anggota/detail/284/pt-siddiq-amanah-wisata"
"265",265,"PT. Silver Silk Tour & Travel","SILVER SILK","Jl. Arifin Ahmad  , Batam Kota, Batam, Kepulauan Riau, 28125",NA,"https://himpuh.or.id/daftar-anggota/detail/75/pt-silver-silk-tour-travel"
"266",266,"PT. Sisi Utama (Sisi Tour)","SISI TOUR","Jl. A. P. Pettarani No. 42 A, Makassar, Panakkukang, Makassar, Sulawesi Selatan, 90231",NA,"https://himpuh.or.id/daftar-anggota/detail/181/pt-sisi-utama-sisi-tour"
"267",267,"PT. Sofyan Wisata Ihsani","S.W..I TRAVEL MANAGEMENT","Cityloft Office Apartement Floor 9 Suite 907 Jl. K.H. Mas Mansyur No.121 RT13/RW11, Tanah Abang, Jakarta Pusat, DKI Jakarta, 10220",NA,"https://himpuh.or.id/daftar-anggota/detail/270/pt-sofyan-wisata-ihsani"
"268",268,"PT. Southern Of Sumatera Tour & Travel","Holiday Angkasa Wisata","Jl. Sultan Mahmud Badarrudin II No. 60 RT.16/RW04 KM.12 Palembang, Alang-Alang Lebar, Palembang, Sumatera Selatan, 30154",NA,"https://himpuh.or.id/daftar-anggota/detail/330/pt-southern-of-sumatera-tour-travel"
"269",269,"PT. Srikandi Nuansa Wisata Indonesia (Seni)","S.E.N.I.TOURS & TRAVEL","Apartemen Cervino Village GF Blok.H Jl. KAbdullah Syafei Kav.27, Tebet Barat, Tebet, Jakarta Selatan, DKI Jakarta, 12810",NA,"https://himpuh.or.id/daftar-anggota/detail/70/pt-srikandi-nuansa-wisata-indonesia-seni"
"270",270,"PT. Suhada Arafah Wisata","SUHADA TOUR","Jl. Pemuda No. 9A, , Pulo Gadung, Jakarta Timur, DKI Jakarta, 13220",NA,"https://himpuh.or.id/daftar-anggota/detail/71/pt-suhada-arafah-wisata"
"271",271,"PT. Suka Silihasih","SSA Umrah Tour & Travel","Jl. Sueapati No. 165, Arjasari, Bandung, Jawa Barat, 40123",NA,"https://himpuh.or.id/daftar-anggota/detail/242/pt-suka-silihasih"
"272",272,"PT. Surya Sekawan Nusa","SEKAWAN TOUR","Jl. tebet Barat IX No. 58 rt.006 Rw.004, Tebet, Jakarta Selatan, DKI Jakarta, 12810",NA,"https://himpuh.or.id/daftar-anggota/detail/72/pt-surya-sekawan-nusa"
"273",273,"PT. Swadharma Travelindo","SWATRAVEL","Jl. Pos Pengumben Raya No. 18 B, Kebon Jeruk, Jakarta Barat, DKI Jakarta, 11560",NA,"https://himpuh.or.id/daftar-anggota/detail/182/pt-swadharma-travelindo"
"274",274,"PT. Syafa Asik Wisata","Syafa Wisata","Jl. Inspeksi Kalimalang No.42, Duren Sawit, Jakarta Timur, DKI Jakarta, 13450",NA,"https://himpuh.or.id/daftar-anggota/detail/369/pt-syafa-asik-wisata"
"275",275,"PT. Syahidan Rafa","SYARAFA TOURS & TRAVEL","Jl. Sancang No. 06, Arjasari, Bandung, Jawa Barat, 40262",NA,"https://himpuh.or.id/daftar-anggota/detail/86/pt-syahidan-rafa"
"276",276,"PT. Taqwa Mulia Wisata","TAQWA TOUR","Jl. Citrisono No. 18 Rt. 01 Rw. 01, Grabag, Magelang, Jawa Tengah, 56196",NA,"https://himpuh.or.id/daftar-anggota/detail/309/pt-taqwa-mulia-wisata"
"277",277,"PT. Tauba Zakka Atkia","Tazkia Tours & Travel","Crown Plaza Blok B-01, Jl. Prof. Dr. Soepomo No. 231 Menteng Dalam - Tebet, Tebet, Jakarta Selatan, DKI Jakarta, 12870",NA,"https://himpuh.or.id/daftar-anggota/detail/218/pt-tauba-zakka-atkia"
"278",278,"PT. Tawakal International Tour & Travel","TAWAKKAL","Jl. Pahlawan Seribu Ruko Golden Road, Blok.c32 No. 2 Bsd City, Serpong, Tangerang Selatan, Banten, 15322",NA,"https://himpuh.or.id/daftar-anggota/detail/87/pt-tawakal-international-tour-travel"
"279",279,"PT. Tazakka Ceria Wisata","TAZAKKA TOUR","Graha Yus Join Mahir, Jl. KH. Noer Ali No. 25-26, Bekasi Selatan, Bekasi, Jawa Barat, 17148",NA,"https://himpuh.or.id/daftar-anggota/detail/299/pt-tazakka-ceria-wisata"
"280",280,"PT. Tazkiyah Global Mandiri","TAZKIYAH TOUR","Jl. AP. Pettarani Ruko Diamond No. 11, Panakkukang, Makassar, Sulawesi Selatan, 90231",NA,"https://himpuh.or.id/daftar-anggota/detail/267/pt-tazkiyah-global-mandiri"
"281",281,"PT. Telaga Al Kautsar Travel","AL-KAUTSAR","Jl. Ahmad Yani No. 16, Bontang Utara, Bontang, Kalimantan Timur, 75311",NA,"https://himpuh.or.id/daftar-anggota/detail/251/pt-telaga-al-kautsar-travel"
"282",282,"PT. Terminal Wisatawan Kelana Indah","TERMINAL HAJI TOURS","Jl. Raya Bogor Km 22 No. 4 A , Ciracas, Jakarta Timur, DKI Jakarta, 13810",NA,"https://himpuh.or.id/daftar-anggota/detail/73/pt-terminal-wisatawan-kelana-indah"
"283",283,"PT. Tiga Cahaya Utama","TCU","Jl. Soekarno Hatta No. 8a Rt.06/02, Lowokwaru, Malang, Jawa Timur, 65141",NA,"https://himpuh.or.id/daftar-anggota/detail/74/pt-tiga-cahaya-utama"
"284",284,"PT. Tisaga Nurkhotimah","TISAGA NURKHOTIMAH","Ruko Mega Grosir Cempaka Mas Blok. i48, Kemayoran, Jakarta Pusat, DKI Jakarta, 16140",NA,"https://himpuh.or.id/daftar-anggota/detail/264/pt-tisaga-nurkhotimah"
"285",285,"PT. Topaz Nusantara","TOPAZ UMRAH & HAJI","Jl. Abdurahman Saleh Komplek City Square B No. 10 Husen Sastranegara Cicendo, Arjasari, Bandung, Jawa Barat, 40174",NA,"https://himpuh.or.id/daftar-anggota/detail/76/pt-topaz-nusantara"
"286",286,"PT. Tourindo Gerbang Kertasusila","TOURINDO GERBANG KERTA SUSILA TOUR & TRAVEL","Jl. Jemur Andayani No. 3, Wonocolo, Surabaya, Jawa Timur, 60237",NA,"https://himpuh.or.id/daftar-anggota/detail/220/pt-tourindo-gerbang-kertasusila"
"287",287,"PT. Trimitra Rezeki Wisata","TRIMITRA REZEKI WISATA","Jl. Manunggal Kebonsari Kencana, Ruko Kebonsari Regency Blok A-9, Jambangan, Surabaya, Jawa Timur, 60233",NA,"https://himpuh.or.id/daftar-anggota/detail/88/pt-trimitra-rezeki-wisata"
"288",288,"PT. Tripuri Wisata","Tripuri Travel","Jl. Raya Perjuangan No. 12 Rt.09/07, Kebon Jeruk, Jakarta Barat, DKI Jakarta, 11530",NA,"https://himpuh.or.id/daftar-anggota/detail/227/pt-tripuri-wisata"
"289",289,"PT. Tunas Armindo Wisata","Armindo Wisata","Sentra Timur Commercial Park 7 No. 7 Pulogadung, Jatinegara, Jakarta Timur, DKI Jakarta, 13350",NA,"https://himpuh.or.id/daftar-anggota/detail/250/pt-tunas-armindo-wisata"
"290",290,"PT. Tunas Rizki Semesta","Tunas Tours","Graha Persada 2 Lt.1 Lobby Unit B, Jl. KH. Noer Ali No. 89A, Bekasi Selatan, Bekasi, Jawa Barat, 17144",NA,"https://himpuh.or.id/daftar-anggota/detail/230/pt-tunas-rizki-semesta"
"291",291,"PT. Turisina Buana","TIBI TOURS","Jl. Balai Putaka Timur Raya No. 39 Blok. A-6 Rawamangun, Pulo Gadung, Jakarta Timur, DKI Jakarta, 13220",NA,"https://himpuh.or.id/daftar-anggota/detail/231/pt-turisina-buana"
"292",292,"PT. Wanda Fatimah Zahra","FATIMAH ZAHRA","Jl. Mh. Thamrim No. 138, Ambarawa, Semarang, Jawa Tengah, 50133",NA,"https://himpuh.or.id/daftar-anggota/detail/77/pt-wanda-fatimah-zahra"
"293",293,"PT. Wardah Tour & Travel","WARDAH TRAVEL","Jl. Kolonel Suwandi No. 51, Padang, Lumajang, Jawa Timur, 67352",NA,"https://himpuh.or.id/daftar-anggota/detail/269/pt-wardah-tour-travel"
"294",294,"PT. Wisata Titiannusantara Pelangi","AL MALIK UMRAH & HAJI KHUSUS","Gedung MNC Plaza, Jalan Kebon Sirih Raya  No. 17-19, Menteng, Jakarta Pusat, DKI Jakarta, 10340",NA,"https://himpuh.or.id/daftar-anggota/detail/273/pt-wisata-titiannusantara-pelangi"
"295",295,"PT. Witami Prabuana Cipta","WITAMI TOURS & TRAVEL","Jl. Rawajati Timur Raya No. 2, Pancoran, Jakarta Selatan, DKI Jakarta, 12750",NA,"https://himpuh.or.id/daftar-anggota/detail/140/pt-witami-prabuana-cipta"
"296",296,"PT. Wukuf Wisata Indonesia (Wuquf)","WUQUF WISATA INDONESIA","Rukan Avenue, Jakarta Garden City No. 8-099, Abiansemal, Badung, Bali, 0",NA,"https://himpuh.or.id/daftar-anggota/detail/183/pt-wukuf-wisata-indonesia-wuquf"
"297",297,"PT. Yasdin Travel","HUDHA TOUR & TRAVEL","Gedung Ad Premier Jl. Tb. Simatupang No. 5, Pasar Minggu, Jakarta Selatan, DKI Jakarta, 12550",NA,"https://himpuh.or.id/daftar-anggota/detail/305/pt-yasdin-travel"
"298",298,"PT. Yassinta Andromeda Kencana","YASSINTA TRAVEL","Ruko Garuda, Jl. Asem Baris Raya No. 13, Tebet, Jakarta Selatan, DKI Jakarta, 12830",NA,"https://himpuh.or.id/daftar-anggota/detail/315/pt-yassinta-andromeda-kencana"
"299",299,"PT. Yatsrib Darul Ulum","YATSRIB TOUR & TRAVEL","Ruko Cileduk Center Blok. B7, Jl. Yos Cokroaminoto, Balaraja, Tangerang, Banten, 15154",NA,"https://himpuh.or.id/daftar-anggota/detail/232/pt-yatsrib-darul-ulum"
"300",300,"PT. Zahida Nufus Indonesia","ZAHIDA TOUR & TRAVEL","Komplek Ruko The Saladin Square Blok. B No. 18, Jl. Raya Margonda, Pancoran Mas, Depok, Jawa Barat, 16431",NA,"https://himpuh.or.id/daftar-anggota/detail/332/pt-zahida-nufus-indonesia"
"301",301,"PT. Zamzam Putra Mandiri Wisata","ZAMZAM WISATA","Rukan Cordoba Jl. Marina Raya Pantai Indah Kapuk Blok H No. 62 Rt/001 Rw/006, Kelapa Gading, Jakarta Utara, DKI Jakarta, 0",NA,"https://himpuh.or.id/daftar-anggota/detail/350/pt-zamzam-putra-mandiri-wisata"
"302",302,"PT. Zamzam Sumbula Thoyyiba","Zamzam Travel","Ruko Ciputat Centre No.75 F, Jl. Ir.h.juanda, Ciputat Timur, Tangerang Selatan, Banten, 15412",NA,"https://himpuh.or.id/daftar-anggota/detail/141/pt-zamzam-sumbula-thoyyiba"
"303",303,"PT. Ziar Nida'ul Haramain","ZNH Travel","Jl. Kh. Abdullah Syafei No. 33 Rt. 012/009, Kel Bukit Duri, Tebet, Jakarta Selatan, DKI Jakarta, 12840",NA,"https://himpuh.or.id/daftar-anggota/detail/234/pt-ziar-nidaul-haramain"
"304",304,"PT. Zimah Tour & Travel","ZIMAH TOUR & TRAVEL","Jl. Raya Kebayoran Lama No. 9a,rt.004/001, Kebon Jeruk, Jakarta Barat, DKI Jakarta, 11540",NA,"https://himpuh.or.id/daftar-anggota/detail/78/pt-zimah-tour-travel"
"305",305,"PT. Zulian Kamzaindo Tours & Travel","ZULINDO TOURS & TRAVEL SERVICE","Jl. Central Raya, Ruko The Central Bussines A1-02, Kawasan Central Sukajadi, Batam Kota, Batam, Kepulauan Riau, 29432",NA,"https://himpuh.or.id/daftar-anggota/detail/90/pt-zulian-kamzaindo-tours-travel"
